cell_id,station_id,province_code,area_code,date_hour,utc_time_ms,availability_pct,dl_traffic_gb,ul_traffic_gb,dl_throughput_mbps,ul_throughput_mbps,rrc_attempt,rrc_success,ho_attempt,ho_success,prb_dl_util_pct,latency_ms,packet_loss_pct,active_users,kpi_quality_flag
CELL010101,ST0101,DBN,KV1,2026-08-18-00,1786986000000,99.48,1.92,0.43,34.56,5.16,89,88,40,37,22.78,17.89,0.08,103,normal
CELL010101,ST0101,DBN,KV1,2026-08-18-01,1786989600000,99.88,1.75,0.5,31.5,6.0,214,212,23,19,19.29,23.54,0.09,103,normal
CELL010101,ST0101,DBN,KV1,2026-08-18-02,1786993200000,99.89,2.06,0.61,37.08,7.32,217,212,36,36,20.77,13.01,0.05,138,normal
CELL010101,ST0101,DBN,KV1,2026-08-18-03,1786996800000,99.79,1.79,0.56,32.22,6.72,196,194,43,39,22.6,24.1,0.11,131,normal
CELL010101,ST0101,DBN,KV1,2026-08-18-04,1787000400000,99.93,1.74,0.4,31.32,4.8,119,113,25,22,13.22,20.78,0.02,150,normal
CELL010101,ST0101,DBN,KV1,2026-08-18-05,1787004000000,99.51,1.32,0.33,23.76,3.96,104,103,43,41,11.3,20.16,0.16,89,normal
CELL010101,ST0101,DBN,KV1,2026-08-18-06,1787007600000,99.62,1.19,0.34,21.42,4.08,116,115,64,63,20.74,18.91,0.19,35,normal
CELL010101,ST0101,DBN,KV1,2026-08-18-07,1787011200000,99.29,3.31,0.85,59.58,10.2,72,66,39,37,35.52,16.98,0.1,97,normal
CELL010101,ST0101,DBN,KV1,2026-08-18-08,1787014800000,99.75,3.06,1.08,55.08,12.96,122,116,33,30,33.46,14.36,0.12,102,normal
CELL010101,ST0101,DBN,KV1,2026-08-18-09,1787018400000,99.98,3.47,0.92,62.46,11.04,119,113,28,26,37.38,12.98,0.09,159,normal
CELL010101,ST0101,DBN,KV1,2026-08-18-10,1787022000000,99.88,2.4,0.89,43.2,10.68,192,186,61,61,36.38,12.97,0.14,43,normal
CELL010101,ST0101,DBN,KV1,2026-08-18-11,1787025600000,99.41,3.47,1.18,62.46,14.16,210,205,50,49,37.32,27.33,0.08,109,normal
CELL010101,ST0101,DBN,KV1,2026-08-18-12,1787029200000,99.22,3.22,1.18,57.96,14.16,105,99,20,19,33.01,13.16,0.14,80,normal
CELL010101,ST0101,DBN,KV1,2026-08-18-13,1787032800000,99.78,3.43,1.06,61.74,12.72,149,143,69,68,34.96,19.13,0.17,128,normal
CELL010101,ST0101,DBN,KV1,2026-08-18-14,1787036400000,99.33,2.67,0.99,48.06,11.88,211,205,30,26,33.15,28.06,0.02,120,normal
CELL010101,ST0101,DBN,KV1,2026-08-18-15,1787040000000,99.8,2.96,0.99,53.28,11.88,100,96,78,76,39.74,28.29,0.11,155,normal
CELL010101,ST0101,DBN,KV1,2026-08-18-16,1787043600000,99.21,2.82,0.93,50.76,11.16,100,95,25,25,41.05,13.9,0.17,106,normal
CELL010101,ST0101,DBN,KV1,2026-08-18-17,1787047200000,99.33,3.35,1.12,60.3,13.44,196,191,42,39,42.04,14.84,0.07,39,normal
CELL010101,ST0101,DBN,KV1,2026-08-18-18,1787050800000,99.45,4.94,1.09,88.92,13.08,148,145,69,66,55.6,27.75,0.14,35,normal
CELL010101,ST0101,DBN,KV1,2026-08-18-19,1787054400000,99.25,3.72,1.17,66.96,14.04,138,134,35,32,55.36,15.19,0.17,124,normal
CELL010101,ST0101,DBN,KV1,2026-08-18-20,1787058000000,99.86,3.1,1.17,55.8,14.04,216,211,33,29,61.71,15.96,0.09,54,normal
CELL010101,ST0101,DBN,KV1,2026-08-18-21,1787061600000,99.71,3.28,0.94,59.04,11.28,123,117,66,65,59.07,13.27,0.13,63,normal
CELL010101,ST0101,DBN,KV1,2026-08-18-22,1787065200000,99.98,5.32,1.29,95.76,15.48,78,77,31,31,58.1,19.45,0.18,44,normal
CELL010101,ST0101,DBN,KV1,2026-08-18-23,1787068800000,100.0,3.2,0.84,57.6,10.08,96,91,80,77,40.53,19.35,0.14,69,normal
CELL010101,ST0101,DBN,KV1,2026-08-19-00,1787072400000,99.45,1.13,0.32,20.34,3.84,100,99,87,84,12.98,29.45,0.15,98,normal
CELL010101,ST0101,DBN,KV1,2026-08-19-01,1787076000000,98.0,0.18,0.05,3.24,0.6,186,151,79,65,39.66,93.07,3.05,76,degraded
CELL010101,ST0101,DBN,KV1,2026-08-19-02,1787079600000,98.0,0.18,0.07,3.24,0.84,101,73,51,37,39.01,93.64,3.1,92,degraded
CELL010101,ST0101,DBN,KV1,2026-08-19-03,1787083200000,98.0,0.15,0.03,2.7,0.36,94,73,35,23,37.78,85.67,3.04,117,degraded
CELL010101,ST0101,DBN,KV1,2026-08-19-04,1787086800000,98.0,0.23,0.07,4.14,0.84,121,89,89,79,38.16,85.9,3.18,148,degraded
CELL010101,ST0101,DBN,KV1,2026-08-19-05,1787090400000,99.56,1.72,0.42,30.96,5.04,125,124,78,75,15.79,25.7,0.1,86,normal
CELL010101,ST0101,DBN,KV1,2026-08-19-06,1787094000000,99.77,1.05,0.3,18.9,3.6,191,188,71,70,11.79,27.29,0.02,57,normal
CELL010101,ST0101,DBN,KV1,2026-08-19-07,1787097600000,99.4,2.42,0.74,43.56,8.88,87,82,61,59,37.05,15.91,0.02,156,normal
CELL010101,ST0101,DBN,KV1,2026-08-19-08,1787101200000,99.29,3.14,1.05,56.52,12.6,174,169,56,53,35.36,15.01,0.04,152,normal
CELL010101,ST0101,DBN,KV1,2026-08-19-09,1787104800000,99.59,2.62,0.79,47.16,9.48,145,141,87,86,41.82,17.27,0.16,153,normal
CELL010101,ST0101,DBN,KV1,2026-08-19-10,1787108400000,99.88,2.66,0.82,47.88,9.84,146,144,30,27,29.84,23.87,0.07,148,normal
CELL010101,ST0101,DBN,KV1,2026-08-19-11,1787112000000,99.66,2.62,0.71,47.16,8.52,78,77,90,87,34.02,13.16,0.09,95,normal
CELL010101,ST0101,DBN,KV1,2026-08-19-12,1787115600000,99.66,2.28,0.74,41.04,8.88,212,211,20,19,28.26,21.33,0.02,56,normal
CELL010101,ST0101,DBN,KV1,2026-08-19-13,1787119200000,99.53,2.6,0.83,46.8,9.96,205,203,80,77,35.72,14.97,0.16,73,normal
CELL010101,ST0101,DBN,KV1,2026-08-19-14,1787122800000,99.44,3.08,0.72,55.44,8.64,130,125,63,63,36.21,27.89,0.09,96,normal
CELL010101,ST0101,DBN,KV1,2026-08-19-15,1787126400000,99.75,2.97,0.99,53.46,11.88,193,189,25,22,34.34,17.62,0.07,59,normal
CELL010101,ST0101,DBN,KV1,2026-08-19-16,1787130000000,99.44,2.79,0.94,50.22,11.28,173,169,58,55,30.79,13.66,0.04,89,normal
CELL010101,ST0101,DBN,KV1,2026-08-19-17,1787133600000,99.78,2.26,0.81,40.68,9.72,193,192,48,48,35.87,16.65,0.07,113,normal
CELL010101,ST0101,DBN,KV1,2026-08-19-18,1787137200000,99.52,4.68,1.26,84.24,15.12,164,162,28,24,50.5,27.0,0.17,109,normal
CELL010101,ST0101,DBN,KV1,2026-08-19-19,1787140800000,99.72,5.6,1.4,100.8,16.8,171,170,89,85,53.31,13.12,0.01,71,normal
CELL010101,ST0101,DBN,KV1,2026-08-19-20,1787144400000,99.81,4.1,1.39,73.8,16.68,80,76,22,20,49.45,22.05,0.05,160,normal
CELL010101,ST0101,DBN,KV1,2026-08-19-21,1787148000000,99.81,4.31,0.95,77.58,11.4,109,105,68,64,54.09,28.47,0.02,58,normal
CELL010101,ST0101,DBN,KV1,2026-08-19-22,1787151600000,99.84,5.08,1.28,91.44,15.36,179,176,27,26,54.1,14.62,0.11,158,normal
CELL010101,ST0101,DBN,KV1,2026-08-19-23,1787155200000,99.73,2.68,0.68,48.24,8.16,164,161,24,21,41.71,19.44,0.14,116,normal
CELL010101,ST0101,DBN,KV1,2026-08-20-00,1787158800000,99.64,1.65,0.39,29.7,4.68,71,66,60,59,13.83,22.26,0.05,75,normal
CELL010101,ST0101,DBN,KV1,2026-08-20-01,1787162400000,99.59,1.83,0.5,32.94,6.0,115,110,59,59,20.35,14.53,0.11,136,normal
CELL010101,ST0101,DBN,KV1,2026-08-20-02,1787166000000,99.96,2.06,0.68,37.08,8.16,80,78,56,56,21.93,26.07,0.11,95,normal
CELL010101,ST0101,DBN,KV1,2026-08-20-03,1787169600000,99.97,1.71,0.49,30.78,5.88,160,158,25,23,13.64,29.58,0.14,150,normal
CELL010101,ST0101,DBN,KV1,2026-08-20-04,1787173200000,99.68,1.45,0.42,26.1,5.04,109,107,81,79,16.18,23.27,0.03,155,normal
CELL010101,ST0101,DBN,KV1,2026-08-20-05,1787176800000,99.42,1.52,0.38,27.36,4.56,213,209,88,85,15.14,13.55,0.19,143,normal
CELL010101,ST0101,DBN,KV1,2026-08-20-06,1787180400000,99.7,1.66,0.54,29.88,6.48,205,200,32,32,16.53,21.8,0.12,122,normal
CELL010101,ST0101,DBN,KV1,2026-08-20-07,1787184000000,99.27,3.61,1.14,64.98,13.68,105,101,78,75,35.75,12.1,0.09,59,normal
CELL010101,ST0101,DBN,KV1,2026-08-20-08,1787187600000,99.22,2.31,0.53,41.58,6.36,176,171,54,51,29.63,17.55,0.18,158,normal
CELL010101,ST0101,DBN,KV1,2026-08-20-09,1787191200000,99.25,2.9,0.73,52.2,8.76,151,145,61,59,38.47,14.79,0.17,75,normal
CELL010101,ST0101,DBN,KV1,2026-08-20-10,1787194800000,99.26,2.71,0.66,48.78,7.92,214,210,39,39,39.1,26.07,0.11,115,normal
CELL010101,ST0101,DBN,KV1,2026-08-20-11,1787198400000,99.37,2.7,0.63,48.6,7.56,123,119,56,55,37.76,26.84,0.09,150,normal
CELL010101,ST0101,DBN,KV1,2026-08-20-12,1787202000000,99.45,2.17,0.56,39.06,6.72,76,73,33,30,40.79,22.78,0.11,154,normal
CELL010101,ST0101,DBN,KV1,2026-08-20-13,1787205600000,99.92,2.26,0.69,40.68,8.28,107,104,43,43,37.13,15.14,0.19,83,normal
CELL010101,ST0101,DBN,KV1,2026-08-20-14,1787209200000,99.93,3.63,1.26,65.34,15.12,219,215,80,77,38.77,27.12,0.06,108,normal
CELL010101,ST0101,DBN,KV1,2026-08-20-15,1787212800000,99.54,3.22,1.13,57.96,13.56,98,93,41,37,29.95,16.11,0.06,44,normal
CELL010101,ST0101,DBN,KV1,2026-08-20-16,1787216400000,99.21,2.37,0.67,42.66,8.04,98,95,51,49,34.09,12.38,0.04,155,normal
CELL010101,ST0101,DBN,KV1,2026-08-20-17,1787220000000,99.22,2.26,0.81,40.68,9.72,218,216,54,51,38.31,16.16,0.16,149,normal
CELL010101,ST0101,DBN,KV1,2026-08-20-18,1787223600000,99.58,4.1,1.22,73.8,14.64,72,68,53,49,58.51,26.9,0.16,55,normal
CELL010101,ST0101,DBN,KV1,2026-08-20-19,1787227200000,99.76,4.75,1.25,85.5,15.0,115,112,80,76,49.06,25.12,0.06,143,normal
CELL010101,ST0101,DBN,KV1,2026-08-20-20,1787230800000,99.87,5.1,1.67,91.8,20.04,141,136,26,25,56.22,23.71,0.12,116,normal
CELL010101,ST0101,DBN,KV1,2026-08-20-21,1787234400000,99.43,3.08,0.94,55.44,11.28,126,124,64,63,52.41,14.11,0.06,59,normal
CELL010101,ST0101,DBN,KV1,2026-08-20-22,1787238000000,99.33,3.43,1.26,61.74,15.12,82,80,54,53,55.14,26.56,0.1,90,normal
CELL010101,ST0101,DBN,KV1,2026-08-20-23,1787241600000,99.23,3.51,1.03,63.18,12.36,118,115,87,86,28.43,13.84,0.13,107,normal
CELL010102,ST0101,DBN,KV1,2026-08-18-00,1786986000000,99.79,0.06,0.02,1.08,0.24,75,69,85,83,20.64,29.84,0.09,64,normal
CELL010102,ST0101,DBN,KV1,2026-08-18-01,1786989600000,99.96,0.05,0.02,0.9,0.24,150,147,90,87,27.16,16.07,0.04,116,normal
CELL010102,ST0101,DBN,KV1,2026-08-18-02,1786993200000,99.73,0.06,0.02,1.08,0.24,184,183,39,39,12.35,17.51,0.06,148,normal
CELL010102,ST0101,DBN,KV1,2026-08-18-03,1786996800000,99.96,0.05,0.01,0.9,0.12,109,108,87,87,12.5,23.22,0.19,84,normal
CELL010102,ST0101,DBN,KV1,2026-08-18-04,1787000400000,99.9,0.07,0.02,1.26,0.24,151,147,71,71,11.49,23.07,0.14,47,normal
CELL010102,ST0101,DBN,KV1,2026-08-18-05,1787004000000,99.65,0.05,0.01,0.9,0.12,128,123,76,76,20.8,19.52,0.15,101,normal
CELL010102,ST0101,DBN,KV1,2026-08-18-06,1787007600000,99.25,0.06,0.02,1.08,0.24,161,159,67,63,21.64,26.57,0.16,36,normal
CELL010102,ST0101,DBN,KV1,2026-08-18-07,1787011200000,99.28,0.07,0.02,1.26,0.24,71,68,59,56,39.15,17.72,0.14,55,normal
CELL010102,ST0101,DBN,KV1,2026-08-18-08,1787014800000,100.0,0.08,0.03,1.44,0.36,118,116,36,36,37.52,23.75,0.18,112,normal
CELL010102,ST0101,DBN,KV1,2026-08-18-09,1787018400000,99.35,0.12,0.03,2.16,0.36,165,164,87,84,42.79,28.63,0.18,47,normal
CELL010102,ST0101,DBN,KV1,2026-08-18-10,1787022000000,99.71,0.08,0.02,1.44,0.24,81,77,72,71,38.58,17.26,0.05,155,normal
CELL010102,ST0101,DBN,KV1,2026-08-18-11,1787025600000,99.98,0.09,0.02,1.62,0.24,148,143,43,40,30.47,17.57,0.15,67,normal
CELL010102,ST0101,DBN,KV1,2026-08-18-12,1787029200000,99.99,0.09,0.03,1.62,0.36,178,176,82,81,35.81,20.12,0.09,99,normal
CELL010102,ST0101,DBN,KV1,2026-08-18-13,1787032800000,99.41,0.11,0.03,1.98,0.36,196,192,54,51,36.38,12.17,0.12,74,normal
CELL010102,ST0101,DBN,KV1,2026-08-18-14,1787036400000,99.96,0.12,0.04,2.16,0.48,132,127,60,59,32.76,17.67,0.15,64,normal
CELL010102,ST0101,DBN,KV1,2026-08-18-15,1787040000000,99.69,0.13,0.03,2.34,0.36,98,94,29,26,37.48,18.28,0.15,30,normal
CELL010102,ST0101,DBN,KV1,2026-08-18-16,1787043600000,99.77,0.08,0.03,1.44,0.36,172,169,25,24,42.5,14.27,0.03,35,normal
CELL010102,ST0101,DBN,KV1,2026-08-18-17,1787047200000,99.87,0.07,0.02,1.26,0.24,176,171,60,56,40.15,12.88,0.02,110,normal
CELL010102,ST0101,DBN,KV1,2026-08-18-18,1787050800000,99.62,0.18,0.07,3.24,0.84,175,171,86,83,53.66,14.1,0.19,38,normal
CELL010102,ST0101,DBN,KV1,2026-08-18-19,1787054400000,99.69,0.18,0.04,3.24,0.48,208,203,72,68,56.81,29.42,0.18,80,normal
CELL010102,ST0101,DBN,KV1,2026-08-18-20,1787058000000,99.37,0.16,0.04,2.88,0.48,216,214,31,29,47.81,20.96,0.12,124,normal
CELL010102,ST0101,DBN,KV1,2026-08-18-21,1787061600000,100.0,0.11,0.03,1.98,0.36,189,183,46,46,49.43,16.84,0.06,132,normal
CELL010102,ST0101,DBN,KV1,2026-08-18-22,1787065200000,99.38,0.15,0.06,2.7,0.72,218,213,47,44,56.78,19.14,0.09,99,normal
CELL010102,ST0101,DBN,KV1,2026-08-18-23,1787068800000,99.5,0.11,0.04,1.98,0.48,94,93,62,62,27.01,14.39,0.03,96,normal
CELL010102,ST0101,DBN,KV1,2026-08-19-00,1787072400000,99.44,0.06,0.02,1.08,0.24,154,153,82,82,12.04,15.5,0.13,124,normal
CELL010102,ST0101,DBN,KV1,2026-08-19-01,1787076000000,99.61,0.04,0.01,0.72,0.12,123,121,61,59,26.54,18.71,0.18,157,normal
CELL010102,ST0101,DBN,KV1,2026-08-19-02,1787079600000,99.24,0.06,0.02,1.08,0.24,172,166,75,75,12.88,29.9,0.15,110,normal
CELL010102,ST0101,DBN,KV1,2026-08-19-03,1787083200000,99.49,0.04,0.01,0.72,0.12,131,125,36,36,13.52,23.59,0.11,149,normal
CELL010102,ST0101,DBN,KV1,2026-08-19-04,1787086800000,99.7,0.04,0.01,0.72,0.12,218,214,89,88,18.45,26.11,0.13,34,normal
CELL010102,ST0101,DBN,KV1,2026-08-19-05,1787090400000,99.63,0.06,0.02,1.08,0.24,211,209,32,28,15.09,12.75,0.17,90,normal
CELL010102,ST0101,DBN,KV1,2026-08-19-06,1787094000000,99.56,0.05,0.02,0.9,0.24,134,128,89,85,15.22,13.59,0.13,100,normal
CELL010102,ST0101,DBN,KV1,2026-08-19-07,1787097600000,99.9,0.12,0.03,2.16,0.36,203,198,40,39,40.87,12.33,0.03,120,normal
CELL010102,ST0101,DBN,KV1,2026-08-19-08,1787101200000,99.56,0.11,0.03,1.98,0.36,174,168,75,74,34.52,12.55,0.1,84,normal
CELL010102,ST0101,DBN,KV1,2026-08-19-09,1787104800000,99.91,0.07,0.02,1.26,0.24,83,79,35,35,29.2,24.57,0.1,154,normal
CELL010102,ST0101,DBN,KV1,2026-08-19-10,1787108400000,99.34,0.12,0.03,2.16,0.36,121,115,39,38,34.46,17.09,0.17,135,normal
CELL010102,ST0101,DBN,KV1,2026-08-19-11,1787112000000,99.74,0.08,0.03,1.44,0.36,140,135,66,64,41.5,15.35,0.02,108,normal
CELL010102,ST0101,DBN,KV1,2026-08-19-12,1787115600000,99.28,0.1,0.02,1.8,0.24,108,102,29,25,30.16,20.8,0.17,106,normal
CELL010102,ST0101,DBN,KV1,2026-08-19-13,1787119200000,99.29,0.13,0.03,2.34,0.36,78,73,86,82,39.67,19.17,0.12,149,normal
CELL010102,ST0101,DBN,KV1,2026-08-19-14,1787122800000,99.87,0.12,0.03,2.16,0.36,181,178,21,20,35.8,16.13,0.12,75,normal
CELL010102,ST0101,DBN,KV1,2026-08-19-15,1787126400000,99.25,0.09,0.03,1.62,0.36,114,110,24,22,28.3,26.64,0.15,119,normal
CELL010102,ST0101,DBN,KV1,2026-08-19-16,1787130000000,99.75,0.12,0.04,2.16,0.48,182,179,33,29,37.68,23.5,0.02,37,normal
CELL010102,ST0101,DBN,KV1,2026-08-19-17,1787133600000,99.91,0.11,0.03,1.98,0.36,94,91,76,73,30.43,22.73,0.16,87,normal
CELL010102,ST0101,DBN,KV1,2026-08-19-18,1787137200000,99.51,0.16,0.05,2.88,0.6,177,176,81,81,51.96,19.74,0.02,49,normal
CELL010102,ST0101,DBN,KV1,2026-08-19-19,1787140800000,99.63,0.11,0.04,1.98,0.48,84,79,79,79,46.65,29.1,0.07,75,normal
CELL010102,ST0101,DBN,KV1,2026-08-19-20,1787144400000,99.75,0.19,0.07,3.42,0.84,121,117,50,47,61.0,22.72,0.07,105,normal
CELL010102,ST0101,DBN,KV1,2026-08-19-21,1787148000000,99.25,0.16,0.05,2.88,0.6,174,169,51,50,48.37,24.69,0.16,48,normal
CELL010102,ST0101,DBN,KV1,2026-08-19-22,1787151600000,99.86,0.1,0.02,1.8,0.24,105,99,44,42,54.57,20.99,0.13,149,normal
CELL010102,ST0101,DBN,KV1,2026-08-19-23,1787155200000,99.79,0.09,0.02,1.62,0.24,98,96,41,37,35.4,12.57,0.14,140,normal
CELL010102,ST0101,DBN,KV1,2026-08-20-00,1787158800000,99.54,0.04,0.01,0.72,0.12,208,202,30,30,23.44,26.8,0.09,62,normal
CELL010102,ST0101,DBN,KV1,2026-08-20-01,1787162400000,99.96,0.07,0.02,1.26,0.24,203,200,24,22,23.77,21.03,0.12,122,normal
CELL010102,ST0101,DBN,KV1,2026-08-20-02,1787166000000,99.57,0.07,0.02,1.26,0.24,118,112,25,23,26.39,18.69,0.16,54,normal
CELL010102,ST0101,DBN,KV1,2026-08-20-03,1787169600000,99.71,0.05,0.01,0.9,0.12,191,187,73,73,22.33,14.06,0.18,69,normal
CELL010102,ST0101,DBN,KV1,2026-08-20-04,1787173200000,99.84,0.05,0.01,0.9,0.12,186,185,27,27,16.14,19.08,0.03,112,normal
CELL010102,ST0101,DBN,KV1,2026-08-20-05,1787176800000,99.72,0.07,0.02,1.26,0.24,93,91,73,72,12.72,13.42,0.08,39,normal
CELL010102,ST0101,DBN,KV1,2026-08-20-06,1787180400000,99.65,0.04,0.01,0.72,0.12,77,74,87,86,26.0,27.22,0.1,54,normal
CELL010102,ST0101,DBN,KV1,2026-08-20-07,1787184000000,99.43,0.1,0.02,1.8,0.24,120,115,20,18,28.02,26.74,0.14,68,normal
CELL010102,ST0101,DBN,KV1,2026-08-20-08,1787187600000,99.39,0.09,0.03,1.62,0.36,206,205,50,46,31.48,13.27,0.01,44,normal
CELL010102,ST0101,DBN,KV1,2026-08-20-09,1787191200000,99.53,0.08,0.02,1.44,0.24,162,158,35,31,40.32,29.58,0.09,154,normal
CELL010102,ST0101,DBN,KV1,2026-08-20-10,1787194800000,99.38,0.1,0.03,1.8,0.36,170,164,71,70,36.3,25.59,0.08,97,normal
CELL010102,ST0101,DBN,KV1,2026-08-20-11,1787198400000,99.91,0.08,0.02,1.44,0.24,75,69,22,19,36.28,28.47,0.09,42,normal
CELL010102,ST0101,DBN,KV1,2026-08-20-12,1787202000000,99.87,0.12,0.04,2.16,0.48,184,183,27,26,33.01,29.42,0.08,146,normal
CELL010102,ST0101,DBN,KV1,2026-08-20-13,1787205600000,99.71,0.08,0.02,1.44,0.24,110,106,51,50,42.31,17.85,0.06,117,normal
CELL010102,ST0101,DBN,KV1,2026-08-20-14,1787209200000,99.82,0.11,0.04,1.98,0.48,180,176,44,44,37.3,27.59,0.11,62,normal
CELL010102,ST0101,DBN,KV1,2026-08-20-15,1787212800000,99.34,0.07,0.02,1.26,0.24,107,102,23,19,37.52,26.32,0.12,152,normal
CELL010102,ST0101,DBN,KV1,2026-08-20-16,1787216400000,99.69,0.13,0.03,2.34,0.36,208,204,35,31,36.51,26.16,0.01,134,normal
CELL010102,ST0101,DBN,KV1,2026-08-20-17,1787220000000,99.67,0.13,0.04,2.34,0.48,185,182,55,54,29.84,23.84,0.2,154,normal
CELL010102,ST0101,DBN,KV1,2026-08-20-18,1787223600000,99.55,0.16,0.05,2.88,0.6,73,67,27,23,49.99,16.98,0.1,93,normal
CELL010102,ST0101,DBN,KV1,2026-08-20-19,1787227200000,99.48,0.16,0.04,2.88,0.48,101,97,56,53,52.27,18.06,0.15,154,normal
CELL010102,ST0101,DBN,KV1,2026-08-20-20,1787230800000,99.22,0.11,0.03,1.98,0.36,169,165,41,40,58.58,12.45,0.07,76,normal
CELL010102,ST0101,DBN,KV1,2026-08-20-21,1787234400000,99.81,0.14,0.05,2.52,0.6,169,168,45,41,48.83,19.94,0.11,118,normal
CELL010102,ST0101,DBN,KV1,2026-08-20-22,1787238000000,99.28,0.2,0.06,3.6,0.72,160,159,73,69,47.75,22.22,0.14,96,normal
CELL010102,ST0101,DBN,KV1,2026-08-20-23,1787241600000,99.64,0.1,0.03,1.8,0.36,73,67,38,35,40.15,22.83,0.18,138,normal
CELL010201,ST0102,DBN,KV1,2026-08-18-00,1786986000000,99.54,2.19,0.58,39.42,6.96,127,126,30,28,20.63,13.36,0.12,123,normal
CELL010201,ST0102,DBN,KV1,2026-08-18-01,1786989600000,99.97,1.84,0.54,33.12,6.48,114,113,38,34,16.0,21.21,0.07,154,normal
CELL010201,ST0102,DBN,KV1,2026-08-18-02,1786993200000,99.35,2.17,0.7,39.06,8.4,104,99,44,43,20.24,18.99,0.03,116,normal
CELL010201,ST0102,DBN,KV1,2026-08-18-03,1786996800000,99.31,2.11,0.72,37.98,8.64,155,153,62,58,26.8,18.7,0.03,36,normal
CELL010201,ST0102,DBN,KV1,2026-08-18-04,1787000400000,99.5,2.84,0.67,51.12,8.04,115,114,56,52,16.37,23.78,0.08,120,normal
CELL010201,ST0102,DBN,KV1,2026-08-18-05,1787004000000,99.84,1.86,0.68,33.48,8.16,98,97,52,50,14.24,18.1,0.12,69,normal
CELL010201,ST0102,DBN,KV1,2026-08-18-06,1787007600000,99.88,2.02,0.51,36.36,6.12,70,68,21,21,17.12,16.75,0.05,124,normal
CELL010201,ST0102,DBN,KV1,2026-08-18-07,1787011200000,99.25,4.92,1.82,88.56,21.84,137,136,23,19,38.36,26.27,0.18,72,normal
CELL010201,ST0102,DBN,KV1,2026-08-18-08,1787014800000,99.66,2.77,0.71,49.86,8.52,156,153,47,43,37.08,21.84,0.02,77,normal
CELL010201,ST0102,DBN,KV1,2026-08-18-09,1787018400000,99.47,3.99,1.14,71.82,13.68,196,194,64,63,34.85,18.97,0.09,82,normal
CELL010201,ST0102,DBN,KV1,2026-08-18-10,1787022000000,99.98,4.3,0.96,77.4,11.52,182,176,20,20,39.77,13.48,0.04,53,normal
CELL010201,ST0102,DBN,KV1,2026-08-18-11,1787025600000,99.33,4.77,1.1,85.86,13.2,135,132,35,33,42.42,18.56,0.12,43,normal
CELL010201,ST0102,DBN,KV1,2026-08-18-12,1787029200000,99.88,5.02,1.84,90.36,22.08,89,86,66,64,39.42,27.93,0.03,39,normal
CELL010201,ST0102,DBN,KV1,2026-08-18-13,1787032800000,99.25,4.3,1.34,77.4,16.08,162,156,59,57,32.49,29.6,0.12,87,normal
CELL010201,ST0102,DBN,KV1,2026-08-18-14,1787036400000,99.23,4.63,1.76,83.34,21.12,171,169,71,67,32.52,28.48,0.12,97,normal
CELL010201,ST0102,DBN,KV1,2026-08-18-15,1787040000000,99.58,3.34,1.04,60.12,12.48,148,142,56,56,29.04,29.92,0.02,113,normal
CELL010201,ST0102,DBN,KV1,2026-08-18-16,1787043600000,99.69,4.25,1.02,76.5,12.24,191,185,59,59,39.44,21.01,0.04,43,normal
CELL010201,ST0102,DBN,KV1,2026-08-18-17,1787047200000,99.8,3.26,1.09,58.68,13.08,203,198,69,66,39.78,18.08,0.05,81,normal
CELL010201,ST0102,DBN,KV1,2026-08-18-18,1787050800000,99.66,6.39,1.94,115.02,23.28,210,205,86,83,60.38,14.0,0.18,135,normal
CELL010201,ST0102,DBN,KV1,2026-08-18-19,1787054400000,99.48,6.7,2.48,120.6,29.76,130,127,87,87,48.01,21.72,0.16,145,normal
CELL010201,ST0102,DBN,KV1,2026-08-18-20,1787058000000,99.76,7.05,2.26,126.9,27.12,113,107,60,59,52.63,24.22,0.03,81,normal
CELL010201,ST0102,DBN,KV1,2026-08-18-21,1787061600000,99.57,8.28,1.82,149.04,21.84,170,168,62,62,60.46,29.63,0.06,125,normal
CELL010201,ST0102,DBN,KV1,2026-08-18-22,1787065200000,99.87,6.13,2.23,110.34,26.76,180,177,80,79,54.48,13.24,0.04,159,normal
CELL010201,ST0102,DBN,KV1,2026-08-18-23,1787068800000,99.59,4.93,1.32,88.74,15.84,108,102,21,21,27.37,24.14,0.19,101,normal
CELL010201,ST0102,DBN,KV1,2026-08-19-00,1787072400000,99.97,1.62,0.48,29.16,5.76,203,199,49,47,20.9,17.6,0.07,123,normal
CELL010201,ST0102,DBN,KV1,2026-08-19-01,1787076000000,99.87,2.22,0.79,39.96,9.48,151,150,79,75,26.15,26.82,0.04,101,normal
CELL010201,ST0102,DBN,KV1,2026-08-19-02,1787079600000,99.8,2.98,1.0,53.64,12.0,88,82,62,59,27.12,22.17,0.07,30,normal
CELL010201,ST0102,DBN,KV1,2026-08-19-03,1787083200000,99.36,1.51,0.45,27.18,5.4,188,186,85,82,14.64,29.01,0.09,154,normal
CELL010201,ST0102,DBN,KV1,2026-08-19-04,1787086800000,99.73,2.06,0.45,37.08,5.4,199,197,50,46,23.47,25.2,0.06,54,normal
CELL010201,ST0102,DBN,KV1,2026-08-19-05,1787090400000,99.62,2.89,0.73,52.02,8.76,151,148,67,67,21.09,14.51,0.17,38,normal
CELL010201,ST0102,DBN,KV1,2026-08-19-06,1787094000000,99.9,2.88,0.65,51.84,7.8,105,100,69,67,21.31,26.85,0.12,119,normal
CELL010201,ST0102,DBN,KV1,2026-08-19-07,1787097600000,99.55,3.26,0.8,58.68,9.6,95,90,87,85,32.76,16.49,0.14,61,normal
CELL010201,ST0102,DBN,KV1,2026-08-19-08,1787101200000,99.34,3.69,1.24,66.42,14.88,119,115,28,28,41.67,29.41,0.08,137,normal
CELL010201,ST0102,DBN,KV1,2026-08-19-09,1787104800000,99.99,5.0,1.32,90.0,15.84,157,152,39,36,36.33,18.77,0.07,88,normal
CELL010201,ST0102,DBN,KV1,2026-08-19-10,1787108400000,99.58,3.22,1.02,57.96,12.24,173,168,73,73,39.68,26.09,0.16,92,normal
CELL010201,ST0102,DBN,KV1,2026-08-19-11,1787112000000,99.96,5.43,1.37,97.74,16.44,154,153,64,63,35.22,17.49,0.17,68,normal
CELL010201,ST0102,DBN,KV1,2026-08-19-12,1787115600000,99.8,4.72,1.79,84.96,21.48,130,128,26,23,33.25,19.78,0.18,147,normal
CELL010201,ST0102,DBN,KV1,2026-08-19-13,1787119200000,99.42,3.36,1.23,60.48,14.76,192,190,62,59,35.84,12.2,0.19,126,normal
CELL010201,ST0102,DBN,KV1,2026-08-19-14,1787122800000,99.33,4.43,1.04,79.74,12.48,161,157,85,84,31.9,24.69,0.17,111,normal
CELL010201,ST0102,DBN,KV1,2026-08-19-15,1787126400000,99.91,5.42,1.32,97.56,15.84,203,197,70,69,32.97,25.3,0.01,90,normal
CELL010201,ST0102,DBN,KV1,2026-08-19-16,1787130000000,99.59,3.58,1.11,64.44,13.32,197,192,86,83,27.91,14.78,0.07,137,normal
CELL010201,ST0102,DBN,KV1,2026-08-19-17,1787133600000,99.41,4.94,1.21,88.92,14.52,175,171,55,54,40.92,26.56,0.18,98,normal
CELL010201,ST0102,DBN,KV1,2026-08-19-18,1787137200000,99.71,5.76,2.19,103.68,26.28,195,192,51,50,60.75,20.2,0.07,118,normal
CELL010201,ST0102,DBN,KV1,2026-08-19-19,1787140800000,99.39,5.66,2.08,101.88,24.96,127,126,46,44,52.31,18.59,0.2,135,normal
CELL010201,ST0102,DBN,KV1,2026-08-19-20,1787144400000,99.53,6.27,1.97,112.86,23.64,111,110,49,46,51.78,23.58,0.12,149,normal
CELL010201,ST0102,DBN,KV1,2026-08-19-21,1787148000000,99.94,7.63,2.12,137.34,25.44,96,93,80,79,61.83,28.64,0.15,41,normal
CELL010201,ST0102,DBN,KV1,2026-08-19-22,1787151600000,99.67,5.28,1.38,95.04,16.56,187,184,41,38,56.88,24.35,0.14,74,normal
CELL010201,ST0102,DBN,KV1,2026-08-19-23,1787155200000,99.94,5.24,1.53,94.32,18.36,209,206,38,34,41.58,18.23,0.16,143,normal
CELL010201,ST0102,DBN,KV1,2026-08-20-00,1787158800000,99.63,2.5,0.73,45.0,8.76,131,127,59,57,11.42,14.95,0.16,152,normal
CELL010201,ST0102,DBN,KV1,2026-08-20-01,1787162400000,99.56,1.61,0.61,28.98,7.32,185,180,24,21,20.15,25.29,0.1,72,normal
CELL010201,ST0102,DBN,KV1,2026-08-20-02,1787166000000,99.24,2.61,0.65,46.98,7.8,88,82,73,72,16.35,28.61,0.01,110,normal
CELL010201,ST0102,DBN,KV1,2026-08-20-03,1787169600000,99.85,1.98,0.59,35.64,7.08,131,125,27,27,23.88,21.59,0.05,144,normal
CELL010201,ST0102,DBN,KV1,2026-08-20-04,1787173200000,99.38,2.1,0.57,37.8,6.84,106,103,25,24,26.98,16.49,0.06,99,normal
CELL010201,ST0102,DBN,KV1,2026-08-20-05,1787176800000,99.39,2.92,0.88,52.56,10.56,182,180,66,62,26.77,25.21,0.11,91,normal
CELL010201,ST0102,DBN,KV1,2026-08-20-06,1787180400000,99.93,1.58,0.38,28.44,4.56,97,96,53,52,22.41,13.95,0.11,105,normal
CELL010201,ST0102,DBN,KV1,2026-08-20-07,1787184000000,99.56,4.08,1.49,73.44,17.88,118,112,86,86,28.4,18.39,0.09,68,normal
CELL010201,ST0102,DBN,KV1,2026-08-20-08,1787187600000,99.4,3.58,1.3,64.44,15.6,115,109,21,18,31.09,26.1,0.1,158,normal
CELL010201,ST0102,DBN,KV1,2026-08-20-09,1787191200000,99.56,5.26,1.23,94.68,14.76,84,81,39,38,33.07,19.11,0.17,131,normal
CELL010201,ST0102,DBN,KV1,2026-08-20-10,1787194800000,99.79,2.91,1.06,52.38,12.72,89,86,48,45,31.24,22.8,0.07,112,normal
CELL010201,ST0102,DBN,KV1,2026-08-20-11,1787198400000,99.7,4.29,1.08,77.22,12.96,194,193,70,66,38.12,25.46,0.13,158,normal
CELL010201,ST0102,DBN,KV1,2026-08-20-12,1787202000000,99.35,3.53,1.09,63.54,13.08,210,204,83,79,38.34,26.6,0.03,145,normal
CELL010201,ST0102,DBN,KV1,2026-08-20-13,1787205600000,99.47,2.81,0.74,50.58,8.88,96,92,89,86,30.36,14.4,0.17,72,normal
CELL010201,ST0102,DBN,KV1,2026-08-20-14,1787209200000,99.72,2.92,0.89,52.56,10.68,169,165,47,46,35.49,22.22,0.01,31,normal
CELL010201,ST0102,DBN,KV1,2026-08-20-15,1787212800000,99.55,5.47,1.49,98.46,17.88,90,87,87,85,36.99,13.25,0.13,51,normal
CELL010201,ST0102,DBN,KV1,2026-08-20-16,1787216400000,99.33,3.45,0.95,62.1,11.4,81,80,50,46,37.12,20.15,0.04,38,normal
CELL010201,ST0102,DBN,KV1,2026-08-20-17,1787220000000,99.33,4.47,1.62,80.46,19.44,184,181,74,71,35.08,28.89,0.18,47,normal
CELL010201,ST0102,DBN,KV1,2026-08-20-18,1787223600000,99.39,6.46,2.04,116.28,24.48,191,187,50,47,58.7,22.28,0.15,33,normal
CELL010201,ST0102,DBN,KV1,2026-08-20-19,1787227200000,99.43,6.12,1.45,110.16,17.4,122,121,42,42,52.61,29.98,0.15,43,normal
CELL010201,ST0102,DBN,KV1,2026-08-20-20,1787230800000,99.82,6.57,2.38,118.26,28.56,163,157,61,61,60.01,20.64,0.03,113,normal
CELL010201,ST0102,DBN,KV1,2026-08-20-21,1787234400000,99.82,5.25,1.27,94.5,15.24,220,214,49,49,48.63,29.35,0.08,122,normal
CELL010201,ST0102,DBN,KV1,2026-08-20-22,1787238000000,99.81,4.44,1.42,79.92,17.04,147,143,37,36,61.74,29.64,0.16,60,normal
CELL010201,ST0102,DBN,KV1,2026-08-20-23,1787241600000,99.55,4.2,1.07,75.6,12.84,99,95,48,45,31.88,19.05,0.11,154,normal
CELL010202,ST0102,DBN,KV1,2026-08-18-00,1786986000000,99.56,1.52,0.58,27.36,6.96,184,181,30,27,17.89,28.43,0.02,58,normal
CELL010202,ST0102,DBN,KV1,2026-08-18-01,1786989600000,99.3,1.54,0.54,27.72,6.48,129,128,54,54,24.91,27.48,0.09,53,normal
CELL010202,ST0102,DBN,KV1,2026-08-18-02,1786993200000,99.2,1.28,0.48,23.04,5.76,83,78,23,22,24.58,12.94,0.1,128,normal
CELL010202,ST0102,DBN,KV1,2026-08-18-03,1786996800000,99.23,1.64,0.4,29.52,4.8,129,127,79,75,25.63,16.61,0.14,84,normal
CELL010202,ST0102,DBN,KV1,2026-08-18-04,1787000400000,99.83,1.85,0.59,33.3,7.08,101,95,23,22,16.65,27.86,0.18,127,normal
CELL010202,ST0102,DBN,KV1,2026-08-18-05,1787004000000,99.54,1.82,0.46,32.76,5.52,191,185,49,45,22.28,20.53,0.02,149,normal
CELL010202,ST0102,DBN,KV1,2026-08-18-06,1787007600000,99.25,1.06,0.36,19.08,4.32,166,161,66,65,19.8,12.56,0.05,121,normal
CELL010202,ST0102,DBN,KV1,2026-08-18-07,1787011200000,99.7,2.11,0.77,37.98,9.24,199,196,44,43,40.36,26.03,0.18,156,normal
CELL010202,ST0102,DBN,KV1,2026-08-18-08,1787014800000,99.83,2.7,0.63,48.6,7.56,94,92,84,84,31.12,25.4,0.16,54,normal
CELL010202,ST0102,DBN,KV1,2026-08-18-09,1787018400000,99.88,2.48,0.77,44.64,9.24,194,189,86,85,37.93,21.86,0.06,142,normal
CELL010202,ST0102,DBN,KV1,2026-08-18-10,1787022000000,99.29,1.91,0.58,34.38,6.96,106,102,59,58,34.59,22.76,0.19,53,normal
CELL010202,ST0102,DBN,KV1,2026-08-18-11,1787025600000,99.38,2.74,0.91,49.32,10.92,138,134,33,29,27.28,15.57,0.01,140,normal
CELL010202,ST0102,DBN,KV1,2026-08-18-12,1787029200000,99.81,3.03,1.15,54.54,13.8,179,175,29,27,38.04,27.68,0.2,138,normal
CELL010202,ST0102,DBN,KV1,2026-08-18-13,1787032800000,99.53,3.22,0.99,57.96,11.88,88,86,68,68,39.13,25.32,0.13,33,normal
CELL010202,ST0102,DBN,KV1,2026-08-18-14,1787036400000,99.93,2.94,1.01,52.92,12.12,89,83,63,61,28.85,18.65,0.06,54,normal
CELL010202,ST0102,DBN,KV1,2026-08-18-15,1787040000000,99.99,3.15,0.76,56.7,9.12,191,189,78,76,30.6,28.18,0.13,117,normal
CELL010202,ST0102,DBN,KV1,2026-08-18-16,1787043600000,99.29,2.84,0.89,51.12,10.68,183,182,20,19,38.38,19.64,0.18,140,normal
CELL010202,ST0102,DBN,KV1,2026-08-18-17,1787047200000,99.89,1.83,0.49,32.94,5.88,188,187,39,38,27.26,15.15,0.07,77,normal
CELL010202,ST0102,DBN,KV1,2026-08-18-18,1787050800000,99.97,4.86,1.38,87.48,16.56,167,162,46,43,47.79,17.63,0.15,102,normal
CELL010202,ST0102,DBN,KV1,2026-08-18-19,1787054400000,99.3,3.46,0.78,62.28,9.36,95,91,82,80,47.82,27.13,0.2,95,normal
CELL010202,ST0102,DBN,KV1,2026-08-18-20,1787058000000,99.73,4.74,1.24,85.32,14.88,170,166,23,21,46.31,19.51,0.01,128,normal
CELL010202,ST0102,DBN,KV1,2026-08-18-21,1787061600000,99.58,4.19,1.22,75.42,14.64,94,91,46,45,51.08,14.18,0.12,54,normal
CELL010202,ST0102,DBN,KV1,2026-08-18-22,1787065200000,99.66,2.86,1.06,51.48,12.72,129,124,25,24,58.63,26.8,0.03,64,normal
CELL010202,ST0102,DBN,KV1,2026-08-18-23,1787068800000,99.42,2.77,0.94,49.86,11.28,178,176,25,23,27.31,25.72,0.02,130,normal
CELL010202,ST0102,DBN,KV1,2026-08-19-00,1787072400000,99.74,1.7,0.64,30.6,7.68,100,99,79,77,21.1,15.21,0.13,50,normal
CELL010202,ST0102,DBN,KV1,2026-08-19-01,1787076000000,99.31,1.11,0.37,19.98,4.44,78,72,56,55,27.05,16.99,0.15,55,normal
CELL010202,ST0102,DBN,KV1,2026-08-19-02,1787079600000,99.24,1.02,0.24,18.36,2.88,214,210,67,64,12.1,23.28,0.03,83,normal
CELL010202,ST0102,DBN,KV1,2026-08-19-03,1787083200000,99.67,1.09,0.26,19.62,3.12,108,107,21,21,19.94,18.23,0.1,113,normal
CELL010202,ST0102,DBN,KV1,2026-08-19-04,1787086800000,99.74,1.56,0.56,28.08,6.72,154,148,42,39,22.6,21.64,0.13,127,normal
CELL010202,ST0102,DBN,KV1,2026-08-19-05,1787090400000,99.75,1.01,0.27,18.18,3.24,204,200,27,26,21.68,17.29,0.09,111,normal
CELL010202,ST0102,DBN,KV1,2026-08-19-06,1787094000000,99.72,1.4,0.33,25.2,3.96,173,167,45,44,16.83,20.55,0.06,50,normal
CELL010202,ST0102,DBN,KV1,2026-08-19-07,1787097600000,99.93,2.02,0.57,36.36,6.84,171,166,25,25,33.43,17.54,0.18,67,normal
CELL010202,ST0102,DBN,KV1,2026-08-19-08,1787101200000,99.22,1.76,0.58,31.68,6.96,92,89,63,60,35.11,29.72,0.15,74,normal
CELL010202,ST0102,DBN,KV1,2026-08-19-09,1787104800000,99.69,1.85,0.57,33.3,6.84,151,146,52,49,33.7,21.36,0.01,63,normal
CELL010202,ST0102,DBN,KV1,2026-08-19-10,1787108400000,99.42,2.61,0.75,46.98,9.0,198,193,63,62,28.25,20.92,0.09,139,normal
CELL010202,ST0102,DBN,KV1,2026-08-19-11,1787112000000,99.9,3.05,1.09,54.9,13.08,120,118,22,22,41.17,19.49,0.18,111,normal
CELL010202,ST0102,DBN,KV1,2026-08-19-12,1787115600000,99.7,2.6,0.75,46.8,9.0,95,90,45,41,29.48,14.17,0.16,51,normal
CELL010202,ST0102,DBN,KV1,2026-08-19-13,1787119200000,99.99,2.07,0.58,37.26,6.96,169,166,50,46,27.88,12.22,0.14,140,normal
CELL010202,ST0102,DBN,KV1,2026-08-19-14,1787122800000,99.92,2.15,0.65,38.7,7.8,119,118,36,34,36.18,18.05,0.12,98,normal
CELL010202,ST0102,DBN,KV1,2026-08-19-15,1787126400000,99.57,1.77,0.51,31.86,6.12,206,202,20,17,37.23,29.56,0.01,65,normal
CELL010202,ST0102,DBN,KV1,2026-08-19-16,1787130000000,99.26,2.61,0.6,46.98,7.2,85,82,90,86,29.65,23.93,0.12,132,normal
CELL010202,ST0102,DBN,KV1,2026-08-19-17,1787133600000,99.53,2.46,0.82,44.28,9.84,173,169,74,70,28.1,16.12,0.08,77,normal
CELL010202,ST0102,DBN,KV1,2026-08-19-18,1787137200000,99.83,3.3,1.22,59.4,14.64,121,115,40,40,60.48,12.42,0.09,71,normal
CELL010202,ST0102,DBN,KV1,2026-08-19-19,1787140800000,99.78,4.49,1.53,80.82,18.36,182,181,78,74,46.79,17.14,0.03,126,normal
CELL010202,ST0102,DBN,KV1,2026-08-19-20,1787144400000,99.26,4.48,1.03,80.64,12.36,203,198,80,76,58.6,22.47,0.19,139,normal
CELL010202,ST0102,DBN,KV1,2026-08-19-21,1787148000000,99.64,3.53,0.94,63.54,11.28,96,95,72,69,49.04,15.84,0.1,32,normal
CELL010202,ST0102,DBN,KV1,2026-08-19-22,1787151600000,99.33,2.68,0.84,48.24,10.08,76,75,87,85,53.37,13.62,0.04,37,normal
CELL010202,ST0102,DBN,KV1,2026-08-19-23,1787155200000,99.92,2.04,0.6,36.72,7.2,201,200,46,46,28.8,16.57,0.08,71,normal
CELL010202,ST0102,DBN,KV1,2026-08-20-00,1787158800000,99.78,1.26,0.36,22.68,4.32,216,215,50,48,14.19,26.02,0.11,144,normal
CELL010202,ST0102,DBN,KV1,2026-08-20-01,1787162400000,99.85,1.6,0.44,28.8,5.28,146,140,73,73,22.37,12.68,0.11,54,normal
CELL010202,ST0102,DBN,KV1,2026-08-20-02,1787166000000,99.33,0.95,0.31,17.1,3.72,122,119,52,49,19.42,21.78,0.19,64,normal
CELL010202,ST0102,DBN,KV1,2026-08-20-03,1787169600000,99.68,1.36,0.36,24.48,4.32,215,209,21,17,25.15,22.36,0.06,102,normal
CELL010202,ST0102,DBN,KV1,2026-08-20-04,1787173200000,99.62,1.09,0.24,19.62,2.88,188,184,49,45,22.12,27.45,0.19,67,normal
CELL010202,ST0102,DBN,KV1,2026-08-20-05,1787176800000,99.68,0.97,0.23,17.46,2.76,111,106,48,46,15.74,13.83,0.05,110,normal
CELL010202,ST0102,DBN,KV1,2026-08-20-06,1787180400000,99.54,1.31,0.37,23.58,4.44,187,186,58,54,13.4,13.29,0.09,140,normal
CELL010202,ST0102,DBN,KV1,2026-08-20-07,1787184000000,99.46,2.72,0.81,48.96,9.72,123,118,45,44,39.7,15.71,0.02,82,normal
CELL010202,ST0102,DBN,KV1,2026-08-20-08,1787187600000,99.81,2.77,0.93,49.86,11.16,191,185,55,53,30.35,22.37,0.12,51,normal
CELL010202,ST0102,DBN,KV1,2026-08-20-09,1787191200000,99.53,3.02,0.71,54.36,8.52,81,75,72,70,39.85,13.86,0.03,69,normal
CELL010202,ST0102,DBN,KV1,2026-08-20-10,1787194800000,99.29,1.69,0.41,30.42,4.92,155,149,52,49,29.74,23.03,0.17,111,normal
CELL010202,ST0102,DBN,KV1,2026-08-20-11,1787198400000,99.98,2.81,0.74,50.58,8.88,220,214,88,85,36.89,15.53,0.2,108,normal
CELL010202,ST0102,DBN,KV1,2026-08-20-12,1787202000000,99.99,2.05,0.55,36.9,6.6,146,142,39,36,36.4,23.63,0.03,98,normal
CELL010202,ST0102,DBN,KV1,2026-08-20-13,1787205600000,99.99,2.79,1.02,50.22,12.24,78,73,74,73,38.23,28.89,0.11,135,normal
CELL010202,ST0102,DBN,KV1,2026-08-20-14,1787209200000,99.54,3.38,0.86,60.84,10.32,105,99,31,28,36.85,22.53,0.1,117,normal
CELL010202,ST0102,DBN,KV1,2026-08-20-15,1787212800000,99.73,3.27,0.98,58.86,11.76,178,175,77,76,27.25,26.8,0.07,112,normal
CELL010202,ST0102,DBN,KV1,2026-08-20-16,1787216400000,99.59,2.13,0.74,38.34,8.88,181,178,66,66,34.01,22.72,0.17,121,normal
CELL010202,ST0102,DBN,KV1,2026-08-20-17,1787220000000,99.78,3.3,0.79,59.4,9.48,157,152,63,63,32.01,21.36,0.1,34,normal
CELL010202,ST0102,DBN,KV1,2026-08-20-18,1787223600000,99.31,4.12,0.97,74.16,11.64,170,167,42,38,47.91,19.03,0.17,128,normal
CELL010202,ST0102,DBN,KV1,2026-08-20-19,1787227200000,99.84,2.96,0.89,53.28,10.68,182,177,67,67,52.06,19.46,0.19,109,normal
CELL010202,ST0102,DBN,KV1,2026-08-20-20,1787230800000,99.23,3.05,1.11,54.9,13.32,140,137,45,42,59.6,22.05,0.03,77,normal
CELL010202,ST0102,DBN,KV1,2026-08-20-21,1787234400000,100.0,3.39,0.83,61.02,9.96,112,106,87,85,51.92,25.82,0.17,102,normal
CELL010202,ST0102,DBN,KV1,2026-08-20-22,1787238000000,99.31,4.9,1.44,88.2,17.28,73,69,77,75,47.04,21.98,0.05,150,normal
CELL010202,ST0102,DBN,KV1,2026-08-20-23,1787241600000,99.58,2.66,0.87,47.88,10.44,137,135,60,59,37.07,21.43,0.1,131,normal
CELL020101,ST0201,SLA,KV1,2026-08-18-00,1786986000000,99.94,5.38,1.81,96.84,21.72,130,124,58,54,14.02,21.86,0.01,137,normal
CELL020101,ST0201,SLA,KV1,2026-08-18-01,1786989600000,99.78,8.25,2.27,148.5,27.24,108,105,88,88,14.75,17.83,0.05,48,normal
CELL020101,ST0201,SLA,KV1,2026-08-18-02,1786993200000,99.61,7.73,2.76,139.14,33.12,123,121,61,60,20.87,25.58,0.08,68,normal
CELL020101,ST0201,SLA,KV1,2026-08-18-03,1786996800000,99.5,5.61,2.12,100.98,25.44,216,213,66,63,16.19,25.65,0.11,147,normal
CELL020101,ST0201,SLA,KV1,2026-08-18-04,1787000400000,99.39,5.44,1.32,97.92,15.84,71,68,52,52,24.17,25.71,0.02,47,normal
CELL020101,ST0201,SLA,KV1,2026-08-18-05,1787004000000,99.26,4.99,1.69,89.82,20.28,93,89,73,72,12.8,15.91,0.13,139,normal
CELL020101,ST0201,SLA,KV1,2026-08-18-06,1787007600000,99.41,5.67,1.37,102.06,16.44,85,83,66,62,26.43,25.69,0.12,41,normal
CELL020101,ST0201,SLA,KV1,2026-08-18-07,1787011200000,99.54,15.15,4.78,272.7,57.36,209,204,25,21,33.1,23.99,0.08,155,normal
CELL020101,ST0201,SLA,KV1,2026-08-18-08,1787014800000,99.65,11.15,3.15,200.7,37.8,178,173,21,18,31.03,20.43,0.05,100,normal
CELL020101,ST0201,SLA,KV1,2026-08-18-09,1787018400000,99.82,10.26,2.51,184.68,30.12,83,80,87,86,39.62,27.31,0.04,98,normal
CELL020101,ST0201,SLA,KV1,2026-08-18-10,1787022000000,99.46,12.19,3.83,219.42,45.96,188,185,43,42,42.36,12.55,0.16,155,normal
CELL020101,ST0201,SLA,KV1,2026-08-18-11,1787025600000,99.5,12.95,4.57,233.1,54.84,92,90,77,74,29.28,28.93,0.17,82,normal
CELL020101,ST0201,SLA,KV1,2026-08-18-12,1787029200000,99.23,10.65,2.44,191.7,29.28,79,74,71,71,33.79,17.2,0.2,76,normal
CELL020101,ST0201,SLA,KV1,2026-08-18-13,1787032800000,99.27,9.58,2.33,172.44,27.96,129,125,57,55,42.96,18.46,0.16,90,normal
CELL020101,ST0201,SLA,KV1,2026-08-18-14,1787036400000,99.25,15.55,5.25,279.9,63.0,212,208,83,82,30.42,29.1,0.12,85,normal
CELL020101,ST0201,SLA,KV1,2026-08-18-15,1787040000000,99.5,8.88,2.54,159.84,30.48,185,183,61,60,42.34,12.36,0.12,106,normal
CELL020101,ST0201,SLA,KV1,2026-08-18-16,1787043600000,99.56,9.58,2.53,172.44,30.36,160,156,75,72,34.18,16.04,0.17,125,normal
CELL020101,ST0201,SLA,KV1,2026-08-18-17,1787047200000,99.81,15.31,4.88,275.58,58.56,172,169,72,68,42.48,21.7,0.13,131,normal
CELL020101,ST0201,SLA,KV1,2026-08-18-18,1787050800000,99.42,13.7,5.14,246.6,61.68,194,191,76,74,51.1,12.37,0.13,58,normal
CELL020101,ST0201,SLA,KV1,2026-08-18-19,1787054400000,99.74,13.11,3.58,235.98,42.96,207,201,32,29,54.61,23.18,0.11,129,normal
CELL020101,ST0201,SLA,KV1,2026-08-18-20,1787058000000,99.89,18.87,4.96,339.66,59.52,213,207,58,58,52.52,25.55,0.2,122,normal
CELL020101,ST0201,SLA,KV1,2026-08-18-21,1787061600000,99.39,15.81,3.61,284.58,43.32,70,67,69,67,47.07,28.91,0.2,40,normal
CELL020101,ST0201,SLA,KV1,2026-08-18-22,1787065200000,99.47,19.33,4.68,347.94,56.16,172,171,56,55,50.42,29.83,0.02,39,normal
CELL020101,ST0201,SLA,KV1,2026-08-18-23,1787068800000,99.29,15.39,5.57,277.02,66.84,178,177,48,44,41.9,12.95,0.19,49,normal
CELL020101,ST0201,SLA,KV1,2026-08-19-00,1787072400000,99.38,4.53,1.05,81.54,12.6,126,124,35,33,23.27,12.18,0.09,126,normal
CELL020101,ST0201,SLA,KV1,2026-08-19-01,1787076000000,99.91,8.17,2.39,147.06,28.68,205,202,61,61,16.95,19.7,0.17,157,normal
CELL020101,ST0201,SLA,KV1,2026-08-19-02,1787079600000,99.65,7.6,2.49,136.8,29.88,173,168,90,88,11.81,27.72,0.2,107,normal
CELL020101,ST0201,SLA,KV1,2026-08-19-03,1787083200000,99.52,6.03,2.08,108.54,24.96,101,99,31,29,20.48,23.01,0.05,55,normal
CELL020101,ST0201,SLA,KV1,2026-08-19-04,1787086800000,99.8,6.78,1.85,122.04,22.2,212,207,73,70,15.48,17.76,0.19,89,normal
CELL020101,ST0201,SLA,KV1,2026-08-19-05,1787090400000,99.64,6.87,2.19,123.66,26.28,138,136,22,19,26.49,24.45,0.05,51,normal
CELL020101,ST0201,SLA,KV1,2026-08-19-06,1787094000000,99.44,5.47,1.31,98.46,15.72,159,155,39,36,21.08,14.57,0.09,111,normal
CELL020101,ST0201,SLA,KV1,2026-08-19-07,1787097600000,99.31,12.85,4.68,231.3,56.16,190,188,23,23,42.18,13.91,0.02,70,normal
CELL020101,ST0201,SLA,KV1,2026-08-19-08,1787101200000,99.92,12.68,4.09,228.24,49.08,192,189,44,43,38.98,21.37,0.06,65,normal
CELL020101,ST0201,SLA,KV1,2026-08-19-09,1787104800000,99.21,7.85,2.06,141.3,24.72,218,217,52,51,40.02,27.93,0.12,134,normal
CELL020101,ST0201,SLA,KV1,2026-08-19-10,1787108400000,99.46,10.76,2.55,193.68,30.6,79,73,79,76,40.98,28.94,0.01,101,normal
CELL020101,ST0201,SLA,KV1,2026-08-19-11,1787112000000,99.49,14.22,3.63,255.96,43.56,70,69,54,53,36.32,23.54,0.12,134,normal
CELL020101,ST0201,SLA,KV1,2026-08-19-12,1787115600000,99.66,9.25,2.4,166.5,28.8,112,107,80,80,33.12,20.85,0.18,141,normal
CELL020101,ST0201,SLA,KV1,2026-08-19-13,1787119200000,99.21,8.24,2.31,148.32,27.72,135,133,83,80,27.79,27.59,0.19,51,normal
CELL020101,ST0201,SLA,KV1,2026-08-19-14,1787122800000,99.82,8.77,2.16,157.86,25.92,126,123,32,30,40.37,14.58,0.1,117,normal
CELL020101,ST0201,SLA,KV1,2026-08-19-15,1787126400000,99.85,10.88,3.5,195.84,42.0,84,83,27,26,42.93,16.2,0.19,50,normal
CELL020101,ST0201,SLA,KV1,2026-08-19-16,1787130000000,99.86,10.39,2.34,187.02,28.08,120,115,23,23,35.29,29.66,0.02,135,normal
CELL020101,ST0201,SLA,KV1,2026-08-19-17,1787133600000,99.32,9.2,2.29,165.6,27.48,180,178,74,71,33.44,24.94,0.01,67,normal
CELL020101,ST0201,SLA,KV1,2026-08-19-18,1787137200000,99.51,12.56,4.69,226.08,56.28,90,86,90,89,55.73,25.32,0.17,79,normal
CELL020101,ST0201,SLA,KV1,2026-08-19-19,1787140800000,99.47,15.28,4.32,275.04,51.84,149,147,66,66,46.89,17.4,0.13,129,normal
CELL020101,ST0201,SLA,KV1,2026-08-19-20,1787144400000,99.22,16.45,4.51,296.1,54.12,184,181,62,61,51.91,17.63,0.03,73,normal
CELL020101,ST0201,SLA,KV1,2026-08-19-21,1787148000000,99.45,21.56,6.19,388.08,74.28,170,167,72,72,54.51,18.17,0.16,93,normal
CELL020101,ST0201,SLA,KV1,2026-08-19-22,1787151600000,99.26,19.35,4.36,348.3,52.32,188,183,72,68,48.8,20.55,0.04,40,normal
CELL020101,ST0201,SLA,KV1,2026-08-19-23,1787155200000,99.33,11.16,3.58,200.88,42.96,214,208,83,83,36.49,12.8,0.09,50,normal
CELL020101,ST0201,SLA,KV1,2026-08-20-00,1787158800000,99.76,4.53,1.05,81.54,12.6,75,69,67,63,11.87,21.44,0.19,59,normal
CELL020101,ST0201,SLA,KV1,2026-08-20-01,1787162400000,99.53,5.19,1.66,93.42,19.92,93,89,47,46,21.01,19.0,0.16,64,normal
CELL020101,ST0201,SLA,KV1,2026-08-20-02,1787166000000,99.47,8.51,2.31,153.18,27.72,74,72,86,85,12.8,29.13,0.15,104,normal
CELL020101,ST0201,SLA,KV1,2026-08-20-03,1787169600000,99.54,4.95,1.24,89.1,14.88,186,180,20,18,13.36,27.99,0.06,120,normal
CELL020101,ST0201,SLA,KV1,2026-08-20-04,1787173200000,99.61,6.15,2.25,110.7,27.0,158,156,90,89,17.35,24.13,0.08,140,normal
CELL020101,ST0201,SLA,KV1,2026-08-20-05,1787176800000,99.97,4.57,1.03,82.26,12.36,90,85,45,41,11.74,28.4,0.11,67,normal
CELL020101,ST0201,SLA,KV1,2026-08-20-06,1787180400000,100.0,4.59,1.26,82.62,15.12,159,157,59,55,26.89,23.86,0.2,126,normal
CELL020101,ST0201,SLA,KV1,2026-08-20-07,1787184000000,99.61,13.54,4.99,243.72,59.88,189,185,33,29,40.16,20.51,0.07,59,normal
CELL020101,ST0201,SLA,KV1,2026-08-20-08,1787187600000,99.31,7.81,2.8,140.58,33.6,115,112,39,35,31.27,28.33,0.08,46,normal
CELL020101,ST0201,SLA,KV1,2026-08-20-09,1787191200000,99.53,14.99,5.03,269.82,60.36,208,202,58,54,32.56,27.55,0.04,157,normal
CELL020101,ST0201,SLA,KV1,2026-08-20-10,1787194800000,99.53,13.76,3.51,247.68,42.12,192,187,24,21,38.96,14.98,0.06,32,normal
CELL020101,ST0201,SLA,KV1,2026-08-20-11,1787198400000,99.85,15.56,4.73,280.08,56.76,91,87,78,78,29.18,27.44,0.13,79,normal
CELL020101,ST0201,SLA,KV1,2026-08-20-12,1787202000000,99.36,11.89,2.82,214.02,33.84,125,123,57,53,35.36,22.2,0.19,110,normal
CELL020101,ST0201,SLA,KV1,2026-08-20-13,1787205600000,99.62,13.3,3.4,239.4,40.8,180,175,44,43,30.36,19.24,0.07,97,normal
CELL020101,ST0201,SLA,KV1,2026-08-20-14,1787209200000,99.99,8.41,2.07,151.38,24.84,193,189,61,61,41.08,29.33,0.01,143,normal
CELL020101,ST0201,SLA,KV1,2026-08-20-15,1787212800000,99.6,9.13,3.43,164.34,41.16,207,206,79,75,34.18,17.6,0.17,86,normal
CELL020101,ST0201,SLA,KV1,2026-08-20-16,1787216400000,99.43,14.96,3.58,269.28,42.96,79,76,34,34,40.17,14.3,0.12,140,normal
CELL020101,ST0201,SLA,KV1,2026-08-20-17,1787220000000,99.65,13.28,4.7,239.04,56.4,81,77,37,37,34.5,16.72,0.05,106,normal
CELL020101,ST0201,SLA,KV1,2026-08-20-18,1787223600000,99.93,13.7,3.09,246.6,37.08,132,126,90,90,56.64,25.16,0.05,126,normal
CELL020101,ST0201,SLA,KV1,2026-08-20-19,1787227200000,99.58,13.26,3.04,238.68,36.48,86,82,84,82,52.88,24.9,0.15,67,normal
CELL020101,ST0201,SLA,KV1,2026-08-20-20,1787230800000,99.47,17.34,5.17,312.12,62.04,133,128,81,81,53.38,28.28,0.13,78,normal
CELL020101,ST0201,SLA,KV1,2026-08-20-21,1787234400000,99.97,23.57,6.29,424.26,75.48,100,96,20,17,55.19,12.74,0.14,88,normal
CELL020101,ST0201,SLA,KV1,2026-08-20-22,1787238000000,99.43,21.7,7.01,390.6,84.12,189,188,70,66,48.36,25.93,0.08,126,normal
CELL020101,ST0201,SLA,KV1,2026-08-20-23,1787241600000,99.38,10.85,3.89,195.3,46.68,192,189,51,48,32.1,16.74,0.13,50,normal
CELL020102,ST0201,SLA,KV1,2026-08-18-00,1786986000000,99.37,2.05,0.68,36.9,8.16,168,163,89,85,21.77,23.82,0.05,39,normal
CELL020102,ST0201,SLA,KV1,2026-08-18-01,1786989600000,99.95,2.41,0.64,43.38,7.68,169,165,33,31,20.33,22.99,0.02,53,normal
CELL020102,ST0201,SLA,KV1,2026-08-18-02,1786993200000,99.33,2.35,0.52,42.3,6.24,161,156,49,46,11.49,12.6,0.16,37,normal
CELL020102,ST0201,SLA,KV1,2026-08-18-03,1786996800000,99.21,2.4,0.86,43.2,10.32,215,213,81,79,16.09,17.54,0.16,135,normal
CELL020102,ST0201,SLA,KV1,2026-08-18-04,1787000400000,99.69,1.95,0.47,35.1,5.64,172,166,59,59,17.01,23.02,0.18,61,normal
CELL020102,ST0201,SLA,KV1,2026-08-18-05,1787004000000,99.71,2.14,0.65,38.52,7.8,103,99,71,67,24.56,26.27,0.18,155,normal
CELL020102,ST0201,SLA,KV1,2026-08-18-06,1787007600000,99.41,2.92,1.03,52.56,12.36,70,69,70,70,27.16,14.68,0.12,147,normal
CELL020102,ST0201,SLA,KV1,2026-08-18-07,1787011200000,99.77,2.81,0.83,50.58,9.96,109,103,49,45,37.62,28.22,0.04,129,normal
CELL020102,ST0201,SLA,KV1,2026-08-18-08,1787014800000,99.37,3.27,0.92,58.86,11.04,108,106,39,39,30.99,27.44,0.14,125,normal
CELL020102,ST0201,SLA,KV1,2026-08-18-09,1787018400000,99.34,4.8,1.61,86.4,19.32,147,141,88,84,32.45,16.84,0.11,160,normal
CELL020102,ST0201,SLA,KV1,2026-08-18-10,1787022000000,99.92,5.14,1.28,92.52,15.36,173,170,89,89,40.55,24.69,0.13,41,normal
CELL020102,ST0201,SLA,KV1,2026-08-18-11,1787025600000,99.69,4.96,1.3,89.28,15.6,201,199,42,41,37.58,20.04,0.11,123,normal
CELL020102,ST0201,SLA,KV1,2026-08-18-12,1787029200000,99.91,3.94,1.0,70.92,12.0,111,109,84,84,36.94,24.17,0.07,49,normal
CELL020102,ST0201,SLA,KV1,2026-08-18-13,1787032800000,99.45,3.13,1.06,56.34,12.72,172,167,40,37,36.33,28.67,0.04,61,normal
CELL020102,ST0201,SLA,KV1,2026-08-18-14,1787036400000,99.65,4.62,1.06,83.16,12.72,145,141,53,50,31.12,18.01,0.19,154,normal
CELL020102,ST0201,SLA,KV1,2026-08-18-15,1787040000000,99.89,5.44,1.56,97.92,18.72,86,84,58,56,32.64,27.05,0.01,59,normal
CELL020102,ST0201,SLA,KV1,2026-08-18-16,1787043600000,99.63,3.27,0.84,58.86,10.08,147,146,69,69,42.75,23.9,0.08,120,normal
CELL020102,ST0201,SLA,KV1,2026-08-18-17,1787047200000,99.54,5.26,1.81,94.68,21.72,189,188,20,17,41.1,17.85,0.15,66,normal
CELL020102,ST0201,SLA,KV1,2026-08-18-18,1787050800000,99.42,6.48,2.14,116.64,25.68,150,148,53,53,54.65,15.69,0.16,64,normal
CELL020102,ST0201,SLA,KV1,2026-08-18-19,1787054400000,99.96,5.07,1.39,91.26,16.68,177,172,30,26,58.46,26.98,0.2,57,normal
CELL020102,ST0201,SLA,KV1,2026-08-18-20,1787058000000,99.64,8.11,2.03,145.98,24.36,167,162,80,80,52.18,26.37,0.16,52,normal
CELL020102,ST0201,SLA,KV1,2026-08-18-21,1787061600000,99.41,5.09,1.68,91.62,20.16,112,106,36,36,61.28,12.41,0.16,68,normal
CELL020102,ST0201,SLA,KV1,2026-08-18-22,1787065200000,99.44,6.24,1.89,112.32,22.68,161,156,72,71,55.88,21.04,0.07,62,normal
CELL020102,ST0201,SLA,KV1,2026-08-18-23,1787068800000,99.49,4.95,1.23,89.1,14.76,71,65,60,58,27.14,27.46,0.04,47,normal
CELL020102,ST0201,SLA,KV1,2026-08-19-00,1787072400000,99.93,2.36,0.73,42.48,8.76,219,214,27,23,16.85,24.11,0.19,160,normal
CELL020102,ST0201,SLA,KV1,2026-08-19-01,1787076000000,99.61,1.71,0.54,30.78,6.48,210,209,49,47,25.16,20.73,0.05,74,normal
CELL020102,ST0201,SLA,KV1,2026-08-19-02,1787079600000,99.68,2.72,0.67,48.96,8.04,103,98,48,44,16.05,19.96,0.15,59,normal
CELL020102,ST0201,SLA,KV1,2026-08-19-03,1787083200000,99.68,2.32,0.73,41.76,8.76,182,178,54,52,16.93,25.32,0.14,40,normal
CELL020102,ST0201,SLA,KV1,2026-08-19-04,1787086800000,99.4,2.76,0.83,49.68,9.96,104,98,73,70,22.64,23.62,0.2,83,normal
CELL020102,ST0201,SLA,KV1,2026-08-19-05,1787090400000,99.99,2.48,0.79,44.64,9.48,75,74,63,62,26.33,26.94,0.12,47,normal
CELL020102,ST0201,SLA,KV1,2026-08-19-06,1787094000000,99.31,1.96,0.71,35.28,8.52,163,159,35,31,13.9,17.48,0.03,79,normal
CELL020102,ST0201,SLA,KV1,2026-08-19-07,1787097600000,99.6,3.56,1.01,64.08,12.12,116,110,47,44,38.3,25.53,0.13,94,normal
CELL020102,ST0201,SLA,KV1,2026-08-19-08,1787101200000,99.25,4.93,1.59,88.74,19.08,70,68,55,51,33.59,14.32,0.13,110,normal
CELL020102,ST0201,SLA,KV1,2026-08-19-09,1787104800000,99.46,4.09,0.99,73.62,11.88,140,135,54,54,37.81,21.54,0.15,54,normal
CELL020102,ST0201,SLA,KV1,2026-08-19-10,1787108400000,99.47,3.96,1.41,71.28,16.92,141,138,38,35,27.6,28.71,0.13,157,normal
CELL020102,ST0201,SLA,KV1,2026-08-19-11,1787112000000,99.63,5.53,1.31,99.54,15.72,143,137,68,68,42.21,15.32,0.1,142,normal
CELL020102,ST0201,SLA,KV1,2026-08-19-12,1787115600000,99.79,3.28,1.0,59.04,12.0,199,198,36,32,42.42,13.24,0.03,157,normal
CELL020102,ST0201,SLA,KV1,2026-08-19-13,1787119200000,99.47,2.87,1.07,51.66,12.84,157,156,70,69,40.93,13.58,0.15,87,normal
CELL020102,ST0201,SLA,KV1,2026-08-19-14,1787122800000,99.26,3.66,1.1,65.88,13.2,75,72,50,46,37.32,24.45,0.17,118,normal
CELL020102,ST0201,SLA,KV1,2026-08-19-15,1787126400000,99.92,3.13,0.72,56.34,8.64,154,149,35,31,35.68,13.44,0.18,155,normal
CELL020102,ST0201,SLA,KV1,2026-08-19-16,1787130000000,99.39,4.26,1.26,76.68,15.12,210,209,73,71,41.24,29.4,0.08,31,normal
CELL020102,ST0201,SLA,KV1,2026-08-19-17,1787133600000,99.83,4.51,1.12,81.18,13.44,218,215,23,20,42.32,13.77,0.13,126,normal
CELL020102,ST0201,SLA,KV1,2026-08-19-18,1787137200000,99.44,6.11,1.4,109.98,16.8,98,92,47,46,47.83,20.55,0.04,58,normal
CELL020102,ST0201,SLA,KV1,2026-08-19-19,1787140800000,99.39,6.44,1.87,115.92,22.44,122,118,42,38,55.9,26.7,0.02,90,normal
CELL020102,ST0201,SLA,KV1,2026-08-19-20,1787144400000,99.5,5.7,1.44,102.6,17.28,114,108,71,67,53.9,17.75,0.07,57,normal
CELL020102,ST0201,SLA,KV1,2026-08-19-21,1787148000000,99.26,6.46,2.28,116.28,27.36,167,163,70,69,61.7,25.39,0.1,145,normal
CELL020102,ST0201,SLA,KV1,2026-08-19-22,1787151600000,99.41,8.29,1.91,149.22,22.92,183,177,69,65,54.14,16.01,0.18,156,normal
CELL020102,ST0201,SLA,KV1,2026-08-19-23,1787155200000,99.71,3.64,0.92,65.52,11.04,135,130,80,80,36.28,20.57,0.12,109,normal
CELL020102,ST0201,SLA,KV1,2026-08-20-00,1787158800000,99.33,1.78,0.55,32.04,6.6,114,113,65,62,25.11,18.23,0.11,59,normal
CELL020102,ST0201,SLA,KV1,2026-08-20-01,1787162400000,99.36,2.8,0.89,50.4,10.68,93,87,55,53,13.65,12.05,0.02,145,normal
CELL020102,ST0201,SLA,KV1,2026-08-20-02,1787166000000,99.96,2.48,0.77,44.64,9.24,201,195,47,46,14.06,19.04,0.18,153,normal
CELL020102,ST0201,SLA,KV1,2026-08-20-03,1787169600000,99.54,1.71,0.5,30.78,6.0,184,182,50,47,26.56,17.38,0.04,111,normal
CELL020102,ST0201,SLA,KV1,2026-08-20-04,1787173200000,99.93,1.74,0.56,31.32,6.72,203,199,48,45,18.84,23.85,0.17,122,normal
CELL020102,ST0201,SLA,KV1,2026-08-20-05,1787176800000,99.21,1.68,0.38,30.24,4.56,156,152,76,72,13.98,22.67,0.13,145,normal
CELL020102,ST0201,SLA,KV1,2026-08-20-06,1787180400000,99.94,2.57,0.91,46.26,10.92,158,152,32,28,16.92,12.72,0.06,40,normal
CELL020102,ST0201,SLA,KV1,2026-08-20-07,1787184000000,99.4,5.23,1.3,94.14,15.6,201,197,28,28,40.88,16.29,0.04,108,normal
CELL020102,ST0201,SLA,KV1,2026-08-20-08,1787187600000,99.6,4.79,1.4,86.22,16.8,149,145,80,78,30.08,26.93,0.02,143,normal
CELL020102,ST0201,SLA,KV1,2026-08-20-09,1787191200000,99.68,4.52,1.61,81.36,19.32,164,159,59,56,33.28,12.02,0.06,153,normal
CELL020102,ST0201,SLA,KV1,2026-08-20-10,1787194800000,99.27,4.64,1.2,83.52,14.4,131,126,44,43,42.82,22.52,0.05,120,normal
CELL020102,ST0201,SLA,KV1,2026-08-20-11,1787198400000,99.82,5.17,1.79,93.06,21.48,148,147,48,45,37.9,27.08,0.1,118,normal
CELL020102,ST0201,SLA,KV1,2026-08-20-12,1787202000000,99.49,5.53,1.78,99.54,21.36,219,218,68,65,42.54,14.78,0.07,57,normal
CELL020102,ST0201,SLA,KV1,2026-08-20-13,1787205600000,99.74,4.6,1.58,82.8,18.96,73,69,68,67,28.91,18.52,0.09,84,normal
CELL020102,ST0201,SLA,KV1,2026-08-20-14,1787209200000,99.9,4.07,1.32,73.26,15.84,186,183,35,35,41.47,26.52,0.06,92,normal
CELL020102,ST0201,SLA,KV1,2026-08-20-15,1787212800000,99.7,4.88,1.6,87.84,19.2,192,190,71,67,29.06,14.15,0.02,95,normal
CELL020102,ST0201,SLA,KV1,2026-08-20-16,1787216400000,99.77,3.33,1.21,59.94,14.52,99,98,90,90,27.86,21.37,0.01,160,normal
CELL020102,ST0201,SLA,KV1,2026-08-20-17,1787220000000,99.61,5.31,1.84,95.58,22.08,111,110,49,47,34.19,15.61,0.17,101,normal
CELL020102,ST0201,SLA,KV1,2026-08-20-18,1787223600000,99.77,7.57,2.63,136.26,31.56,87,81,47,44,50.58,27.18,0.02,117,normal
CELL020102,ST0201,SLA,KV1,2026-08-20-19,1787227200000,99.9,5.58,2.09,100.44,25.08,104,103,79,77,54.08,19.1,0.08,45,normal
CELL020102,ST0201,SLA,KV1,2026-08-20-20,1787230800000,99.49,7.1,2.41,127.8,28.92,169,164,41,40,56.04,21.4,0.19,82,normal
CELL020102,ST0201,SLA,KV1,2026-08-20-21,1787234400000,99.57,5.86,1.6,105.48,19.2,89,87,72,69,51.67,22.74,0.01,52,normal
CELL020102,ST0201,SLA,KV1,2026-08-20-22,1787238000000,99.92,6.05,1.5,108.9,18.0,190,188,85,83,49.19,14.86,0.17,66,normal
CELL020102,ST0201,SLA,KV1,2026-08-20-23,1787241600000,99.35,3.73,0.85,67.14,10.2,199,194,50,47,31.54,20.78,0.06,91,normal
CELL020201,ST0202,SLA,KV1,2026-08-18-00,1786986000000,99.95,1.89,0.59,34.02,7.08,110,108,28,25,23.96,21.94,0.03,132,normal
CELL020201,ST0202,SLA,KV1,2026-08-18-01,1786989600000,99.59,1.29,0.3,23.22,3.6,120,119,73,73,21.44,25.97,0.13,119,normal
CELL020201,ST0202,SLA,KV1,2026-08-18-02,1786993200000,99.57,1.45,0.51,26.1,6.12,137,136,46,44,17.57,16.41,0.17,156,normal
CELL020201,ST0202,SLA,KV1,2026-08-18-03,1786996800000,99.64,1.3,0.49,23.4,5.88,198,193,86,82,24.25,23.37,0.18,90,normal
CELL020201,ST0202,SLA,KV1,2026-08-18-04,1787000400000,99.68,1.88,0.48,33.84,5.76,219,218,44,43,13.68,19.46,0.03,151,normal
CELL020201,ST0202,SLA,KV1,2026-08-18-05,1787004000000,99.26,1.29,0.29,23.22,3.48,110,106,26,25,21.95,12.76,0.02,130,normal
CELL020201,ST0202,SLA,KV1,2026-08-18-06,1787007600000,99.22,1.32,0.38,23.76,4.56,84,81,73,70,19.44,20.31,0.06,102,normal
CELL020201,ST0202,SLA,KV1,2026-08-18-07,1787011200000,99.51,3.39,1.0,61.02,12.0,176,174,69,69,37.74,19.91,0.12,51,normal
CELL020201,ST0202,SLA,KV1,2026-08-18-08,1787014800000,99.49,3.05,0.95,54.9,11.4,157,151,51,51,42.25,29.83,0.01,138,normal
CELL020201,ST0202,SLA,KV1,2026-08-18-09,1787018400000,99.97,4.3,1.24,77.4,14.88,107,102,51,49,38.97,27.57,0.07,136,normal
CELL020201,ST0202,SLA,KV1,2026-08-18-10,1787022000000,99.51,2.83,0.63,50.94,7.56,124,123,61,60,31.53,20.56,0.11,90,normal
CELL020201,ST0202,SLA,KV1,2026-08-18-11,1787025600000,99.74,4.11,1.33,73.98,15.96,210,208,39,38,36.18,15.67,0.13,103,normal
CELL020201,ST0202,SLA,KV1,2026-08-18-12,1787029200000,99.38,4.08,1.01,73.44,12.12,115,109,29,29,39.16,13.98,0.17,110,normal
CELL020201,ST0202,SLA,KV1,2026-08-18-13,1787032800000,99.76,3.08,1.13,55.44,13.56,187,186,83,81,37.89,24.99,0.12,42,normal
CELL020201,ST0202,SLA,KV1,2026-08-18-14,1787036400000,99.22,2.23,0.77,40.14,9.24,218,216,78,78,33.21,22.88,0.11,113,normal
CELL020201,ST0202,SLA,KV1,2026-08-18-15,1787040000000,99.53,2.79,1.0,50.22,12.0,113,111,76,75,30.27,29.43,0.06,53,normal
CELL020201,ST0202,SLA,KV1,2026-08-18-16,1787043600000,99.32,3.8,1.01,68.4,12.12,136,135,43,42,27.84,24.43,0.15,82,normal
CELL020201,ST0202,SLA,KV1,2026-08-18-17,1787047200000,99.27,4.23,1.11,76.14,13.32,149,147,41,37,30.52,14.88,0.13,123,normal
CELL020201,ST0202,SLA,KV1,2026-08-18-18,1787050800000,99.95,4.13,0.93,74.34,11.16,200,196,24,21,47.51,26.37,0.03,157,normal
CELL020201,ST0202,SLA,KV1,2026-08-18-19,1787054400000,99.83,5.86,1.77,105.48,21.24,143,138,75,73,59.22,14.74,0.16,61,normal
CELL020201,ST0202,SLA,KV1,2026-08-18-20,1787058000000,99.21,3.61,1.27,64.98,15.24,103,98,62,61,60.08,26.39,0.06,129,normal
CELL020201,ST0202,SLA,KV1,2026-08-18-21,1787061600000,99.81,6.55,1.63,117.9,19.56,161,156,86,82,49.91,14.38,0.13,93,normal
CELL020201,ST0202,SLA,KV1,2026-08-18-22,1787065200000,99.63,5.77,2.14,103.86,25.68,109,106,23,19,51.2,23.31,0.18,125,normal
CELL020201,ST0202,SLA,KV1,2026-08-18-23,1787068800000,99.8,3.33,0.81,59.94,9.72,100,96,54,52,42.28,27.36,0.08,53,normal
CELL020201,ST0202,SLA,KV1,2026-08-19-00,1787072400000,99.49,1.33,0.44,23.94,5.28,111,106,25,25,21.76,13.29,0.12,60,normal
CELL020201,ST0202,SLA,KV1,2026-08-19-01,1787076000000,99.42,1.2,0.41,21.6,4.92,144,140,25,23,23.19,13.8,0.06,41,normal
CELL020201,ST0202,SLA,KV1,2026-08-19-02,1787079600000,99.86,2.24,0.81,40.32,9.72,182,176,48,48,21.39,21.47,0.07,146,normal
CELL020201,ST0202,SLA,KV1,2026-08-19-03,1787083200000,99.54,1.5,0.41,27.0,4.92,220,219,40,37,11.89,20.95,0.03,126,normal
CELL020201,ST0202,SLA,KV1,2026-08-19-04,1787086800000,99.23,1.43,0.35,25.74,4.2,110,106,30,29,22.23,14.82,0.03,133,normal
CELL020201,ST0202,SLA,KV1,2026-08-19-05,1787090400000,99.3,2.12,0.54,38.16,6.48,121,117,58,58,12.83,16.33,0.14,101,normal
CELL020201,ST0202,SLA,KV1,2026-08-19-06,1787094000000,99.75,1.65,0.41,29.7,4.92,147,145,37,33,24.36,20.81,0.1,54,normal
CELL020201,ST0202,SLA,KV1,2026-08-19-07,1787097600000,99.38,3.81,1.23,68.58,14.76,113,112,21,19,31.32,23.18,0.11,155,normal
CELL020201,ST0202,SLA,KV1,2026-08-19-08,1787101200000,99.46,2.64,0.58,47.52,6.96,132,130,90,88,39.63,14.02,0.08,139,normal
CELL020201,ST0202,SLA,KV1,2026-08-19-09,1787104800000,99.44,2.45,0.91,44.1,10.92,170,169,43,42,38.22,27.35,0.18,78,normal
CELL020201,ST0202,SLA,KV1,2026-08-19-10,1787108400000,99.39,3.27,1.16,58.86,13.92,103,98,61,57,33.28,15.8,0.14,103,normal
CELL020201,ST0202,SLA,KV1,2026-08-19-11,1787112000000,99.67,3.19,1.17,57.42,14.04,192,188,51,49,38.78,23.72,0.2,60,normal
CELL020201,ST0202,SLA,KV1,2026-08-19-12,1787115600000,99.51,2.79,0.68,50.22,8.16,95,91,49,49,29.85,15.95,0.18,154,normal
CELL020201,ST0202,SLA,KV1,2026-08-19-13,1787119200000,99.39,2.58,0.89,46.44,10.68,133,127,45,42,42.17,21.42,0.13,134,normal
CELL020201,ST0202,SLA,KV1,2026-08-19-14,1787122800000,99.93,4.12,1.27,74.16,15.24,99,93,37,37,37.38,26.69,0.02,107,normal
CELL020201,ST0202,SLA,KV1,2026-08-19-15,1787126400000,99.8,2.91,1.06,52.38,12.72,148,143,64,60,36.2,19.2,0.19,48,normal
CELL020201,ST0202,SLA,KV1,2026-08-19-16,1787130000000,99.46,3.29,1.21,59.22,14.52,106,102,84,82,37.02,19.12,0.02,95,normal
CELL020201,ST0202,SLA,KV1,2026-08-19-17,1787133600000,99.36,4.04,1.42,72.72,17.04,108,103,35,33,28.09,12.53,0.09,156,normal
CELL020201,ST0202,SLA,KV1,2026-08-19-18,1787137200000,99.95,6.08,1.56,109.44,18.72,102,101,64,62,52.34,17.35,0.04,147,normal
CELL020201,ST0202,SLA,KV1,2026-08-19-19,1787140800000,99.42,5.97,1.64,107.46,19.68,168,165,47,47,61.4,26.61,0.16,153,normal
CELL020201,ST0202,SLA,KV1,2026-08-19-20,1787144400000,99.99,4.47,1.23,80.46,14.76,180,175,73,69,52.07,23.64,0.06,118,normal
CELL020201,ST0202,SLA,KV1,2026-08-19-21,1787148000000,99.6,4.92,1.56,88.56,18.72,140,138,71,68,53.29,21.23,0.17,35,normal
CELL020201,ST0202,SLA,KV1,2026-08-19-22,1787151600000,99.52,6.22,1.8,111.96,21.6,97,93,81,77,49.18,26.14,0.18,145,normal
CELL020201,ST0202,SLA,KV1,2026-08-19-23,1787155200000,99.5,3.18,1.16,57.24,13.92,103,98,71,67,31.26,18.2,0.01,109,normal
CELL020201,ST0202,SLA,KV1,2026-08-20-00,1787158800000,99.93,1.44,0.5,25.92,6.0,167,164,37,35,20.06,27.0,0.01,93,normal
CELL020201,ST0202,SLA,KV1,2026-08-20-01,1787162400000,99.22,1.69,0.57,30.42,6.84,95,94,59,55,20.7,23.74,0.19,107,normal
CELL020201,ST0202,SLA,KV1,2026-08-20-02,1787166000000,99.88,1.97,0.45,35.46,5.4,78,75,59,56,18.1,22.15,0.05,110,normal
CELL020201,ST0202,SLA,KV1,2026-08-20-03,1787169600000,99.6,1.75,0.58,31.5,6.96,107,105,47,47,19.92,12.42,0.15,43,normal
CELL020201,ST0202,SLA,KV1,2026-08-20-04,1787173200000,99.69,2.38,0.65,42.84,7.8,165,164,73,69,25.9,17.71,0.02,118,normal
CELL020201,ST0202,SLA,KV1,2026-08-20-05,1787176800000,99.54,2.05,0.57,36.9,6.84,99,97,68,67,13.93,12.27,0.2,148,normal
CELL020201,ST0202,SLA,KV1,2026-08-20-06,1787180400000,99.73,1.42,0.4,25.56,4.8,147,141,55,51,23.13,12.21,0.05,57,normal
CELL020201,ST0202,SLA,KV1,2026-08-20-07,1787184000000,99.55,3.48,1.21,62.64,14.52,205,200,83,82,38.77,27.53,0.01,139,normal
CELL020201,ST0202,SLA,KV1,2026-08-20-08,1787187600000,99.38,3.85,1.38,69.3,16.56,155,153,63,59,30.34,28.14,0.02,117,normal
CELL020201,ST0202,SLA,KV1,2026-08-20-09,1787191200000,99.22,3.99,1.45,71.82,17.4,206,200,22,20,35.2,14.78,0.03,114,normal
CELL020201,ST0202,SLA,KV1,2026-08-20-10,1787194800000,99.36,3.66,1.18,65.88,14.16,218,216,43,43,39.03,24.0,0.09,37,normal
CELL020201,ST0202,SLA,KV1,2026-08-20-11,1787198400000,99.38,2.29,0.64,41.22,7.68,166,165,56,55,38.57,21.64,0.12,58,normal
CELL020201,ST0202,SLA,KV1,2026-08-20-12,1787202000000,99.99,2.68,0.93,48.24,11.16,98,95,74,70,37.29,22.24,0.02,153,normal
CELL020201,ST0202,SLA,KV1,2026-08-20-13,1787205600000,99.47,3.15,0.8,56.7,9.6,196,193,33,29,31.35,20.23,0.17,36,normal
CELL020201,ST0202,SLA,KV1,2026-08-20-14,1787209200000,99.55,2.59,0.73,46.62,8.76,92,87,57,55,33.24,29.96,0.09,57,normal
CELL020201,ST0202,SLA,KV1,2026-08-20-15,1787212800000,99.6,3.29,1.13,59.22,13.56,118,115,80,77,33.11,25.46,0.11,90,normal
CELL020201,ST0202,SLA,KV1,2026-08-20-16,1787216400000,99.65,2.34,0.66,42.12,7.92,88,87,57,56,28.61,26.12,0.03,131,normal
CELL020201,ST0202,SLA,KV1,2026-08-20-17,1787220000000,99.24,3.66,1.38,65.88,16.56,151,146,75,71,41.87,27.85,0.17,60,normal
CELL020201,ST0202,SLA,KV1,2026-08-20-18,1787223600000,99.21,4.79,1.61,86.22,19.32,135,132,33,33,53.92,28.72,0.1,121,normal
CELL020201,ST0202,SLA,KV1,2026-08-20-19,1787227200000,99.73,4.76,1.81,85.68,21.72,169,166,56,54,47.89,15.99,0.1,151,normal
CELL020201,ST0202,SLA,KV1,2026-08-20-20,1787230800000,99.48,5.94,1.58,106.92,18.96,148,143,26,26,59.96,17.96,0.15,35,normal
CELL020201,ST0202,SLA,KV1,2026-08-20-21,1787234400000,99.33,5.91,1.47,106.38,17.64,89,88,35,31,55.4,25.46,0.11,133,normal
CELL020201,ST0202,SLA,KV1,2026-08-20-22,1787238000000,99.49,3.56,1.28,64.08,15.36,140,139,20,16,58.4,17.58,0.02,43,normal
CELL020201,ST0202,SLA,KV1,2026-08-20-23,1787241600000,99.28,4.14,0.92,74.52,11.04,81,79,21,21,38.21,16.96,0.12,136,normal
CELL020202,ST0202,SLA,KV1,2026-08-18-00,1786986000000,99.87,1.63,0.42,29.34,5.04,154,150,72,70,19.24,18.69,0.13,58,normal
CELL020202,ST0202,SLA,KV1,2026-08-18-01,1786989600000,99.94,1.93,0.6,34.74,7.2,121,116,65,64,21.88,15.02,0.2,107,normal
CELL020202,ST0202,SLA,KV1,2026-08-18-02,1786993200000,99.46,2.21,0.76,39.78,9.12,121,115,24,24,25.83,27.11,0.17,147,normal
CELL020202,ST0202,SLA,KV1,2026-08-18-03,1786996800000,99.55,2.22,0.75,39.96,9.0,85,82,63,59,18.5,20.18,0.2,140,normal
CELL020202,ST0202,SLA,KV1,2026-08-18-04,1787000400000,99.34,1.71,0.48,30.78,5.76,189,185,66,65,16.53,19.44,0.09,66,normal
CELL020202,ST0202,SLA,KV1,2026-08-18-05,1787004000000,99.88,1.39,0.37,25.02,4.44,170,165,82,80,27.17,12.37,0.11,85,normal
CELL020202,ST0202,SLA,KV1,2026-08-18-06,1787007600000,99.92,1.37,0.39,24.66,4.68,164,159,68,65,18.26,17.54,0.11,50,normal
CELL020202,ST0202,SLA,KV1,2026-08-18-07,1787011200000,99.49,3.83,1.3,68.94,15.6,107,103,50,47,35.93,24.41,0.11,144,normal
CELL020202,ST0202,SLA,KV1,2026-08-18-08,1787014800000,99.39,4.5,1.53,81.0,18.36,161,155,48,44,29.05,12.76,0.05,144,normal
CELL020202,ST0202,SLA,KV1,2026-08-18-09,1787018400000,99.53,4.0,1.44,72.0,17.28,166,163,84,84,27.06,17.81,0.17,72,normal
CELL020202,ST0202,SLA,KV1,2026-08-18-10,1787022000000,99.47,3.9,1.21,70.2,14.52,188,184,72,70,37.07,28.0,0.04,158,normal
CELL020202,ST0202,SLA,KV1,2026-08-18-11,1787025600000,99.48,4.03,1.04,72.54,12.48,73,67,27,27,27.17,26.75,0.1,54,normal
CELL020202,ST0202,SLA,KV1,2026-08-18-12,1787029200000,99.87,3.92,1.46,70.56,17.52,112,108,73,71,29.84,29.82,0.02,52,normal
CELL020202,ST0202,SLA,KV1,2026-08-18-13,1787032800000,99.36,3.28,0.98,59.04,11.76,80,77,83,80,41.92,12.08,0.02,53,normal
CELL020202,ST0202,SLA,KV1,2026-08-18-14,1787036400000,99.95,2.51,0.7,45.18,8.4,93,90,54,50,35.22,28.4,0.07,74,normal
CELL020202,ST0202,SLA,KV1,2026-08-18-15,1787040000000,99.76,2.99,1.04,53.82,12.48,116,113,30,26,40.39,23.85,0.02,69,normal
CELL020202,ST0202,SLA,KV1,2026-08-18-16,1787043600000,99.7,3.99,0.91,71.82,10.92,98,94,43,40,39.16,19.7,0.18,135,normal
CELL020202,ST0202,SLA,KV1,2026-08-18-17,1787047200000,99.98,3.2,0.98,57.6,11.76,197,195,56,52,40.37,22.17,0.1,159,normal
CELL020202,ST0202,SLA,KV1,2026-08-18-18,1787050800000,99.28,4.5,1.59,81.0,19.08,192,190,80,80,52.63,26.38,0.17,108,normal
CELL020202,ST0202,SLA,KV1,2026-08-18-19,1787054400000,99.23,5.86,1.81,105.48,21.72,165,159,71,69,50.33,13.61,0.15,47,normal
CELL020202,ST0202,SLA,KV1,2026-08-18-20,1787058000000,99.66,4.57,1.49,82.26,17.88,205,199,23,19,58.6,14.88,0.13,129,normal
CELL020202,ST0202,SLA,KV1,2026-08-18-21,1787061600000,99.4,6.7,2.52,120.6,30.24,194,189,49,46,50.07,20.94,0.05,37,normal
CELL020202,ST0202,SLA,KV1,2026-08-18-22,1787065200000,99.98,4.92,1.33,88.56,15.96,97,94,89,86,53.92,20.49,0.18,140,normal
CELL020202,ST0202,SLA,KV1,2026-08-18-23,1787068800000,99.7,3.92,1.25,70.56,15.0,115,110,63,61,32.0,26.88,0.18,117,normal
CELL020202,ST0202,SLA,KV1,2026-08-19-00,1787072400000,99.51,1.83,0.66,32.94,7.92,128,127,89,88,25.44,25.03,0.1,153,normal
CELL020202,ST0202,SLA,KV1,2026-08-19-01,1787076000000,99.65,2.11,0.66,37.98,7.92,167,162,43,42,19.32,12.41,0.07,100,normal
CELL020202,ST0202,SLA,KV1,2026-08-19-02,1787079600000,99.24,1.64,0.44,29.52,5.28,116,115,72,68,26.05,27.82,0.06,66,normal
CELL020202,ST0202,SLA,KV1,2026-08-19-03,1787083200000,99.54,2.01,0.66,36.18,7.92,70,65,52,51,14.48,20.0,0.07,65,normal
CELL020202,ST0202,SLA,KV1,2026-08-19-04,1787086800000,99.35,2.27,0.71,40.86,8.52,188,182,26,23,19.26,19.97,0.05,74,normal
CELL020202,ST0202,SLA,KV1,2026-08-19-05,1787090400000,99.34,2.21,0.67,39.78,8.04,211,207,22,21,26.46,22.61,0.12,121,normal
CELL020202,ST0202,SLA,KV1,2026-08-19-06,1787094000000,99.21,1.76,0.44,31.68,5.28,208,206,73,73,11.67,24.07,0.17,141,normal
CELL020202,ST0202,SLA,KV1,2026-08-19-07,1787097600000,99.87,3.66,1.34,65.88,16.08,184,179,20,18,31.4,28.27,0.15,119,normal
CELL020202,ST0202,SLA,KV1,2026-08-19-08,1787101200000,99.26,3.16,1.0,56.88,12.0,212,206,55,55,41.25,26.08,0.17,35,normal
CELL020202,ST0202,SLA,KV1,2026-08-19-09,1787104800000,99.84,2.63,0.6,47.34,7.2,217,211,29,28,40.87,27.32,0.08,117,normal
CELL020202,ST0202,SLA,KV1,2026-08-19-10,1787108400000,99.39,4.7,1.56,84.6,18.72,178,172,66,65,37.37,18.63,0.15,139,normal
CELL020202,ST0202,SLA,KV1,2026-08-19-11,1787112000000,99.77,2.89,0.9,52.02,10.8,127,124,36,36,31.5,21.75,0.11,55,normal
CELL020202,ST0202,SLA,KV1,2026-08-19-12,1787115600000,99.91,2.69,0.98,48.42,11.76,107,106,29,25,42.42,23.8,0.09,117,normal
CELL020202,ST0202,SLA,KV1,2026-08-19-13,1787119200000,99.49,3.9,0.95,70.2,11.4,220,214,34,31,41.79,25.97,0.09,57,normal
CELL020202,ST0202,SLA,KV1,2026-08-19-14,1787122800000,99.44,3.68,0.85,66.24,10.2,87,83,56,52,33.87,19.71,0.06,132,normal
CELL020202,ST0202,SLA,KV1,2026-08-19-15,1787126400000,99.86,3.94,1.38,70.92,16.56,143,138,79,76,31.11,16.31,0.03,155,normal
CELL020202,ST0202,SLA,KV1,2026-08-19-16,1787130000000,99.2,3.88,1.45,69.84,17.4,78,77,69,68,29.95,18.24,0.11,32,normal
CELL020202,ST0202,SLA,KV1,2026-08-19-17,1787133600000,99.21,2.51,0.92,45.18,11.04,183,178,40,37,31.91,14.43,0.19,150,normal
CELL020202,ST0202,SLA,KV1,2026-08-19-18,1787137200000,99.4,6.75,1.75,121.5,21.0,113,111,72,71,48.45,16.95,0.16,146,normal
CELL020202,ST0202,SLA,KV1,2026-08-19-19,1787140800000,99.35,7.31,2.56,131.58,30.72,117,113,51,49,55.45,25.2,0.09,71,normal
CELL020202,ST0202,SLA,KV1,2026-08-19-20,1787144400000,99.5,5.77,1.43,103.86,17.16,189,186,73,70,57.35,20.75,0.13,69,normal
CELL020202,ST0202,SLA,KV1,2026-08-19-21,1787148000000,98.0,0.49,0.16,8.82,1.92,175,137,81,69,80.99,81.08,3.15,45,degraded
CELL020202,ST0202,SLA,KV1,2026-08-19-22,1787151600000,98.0,0.87,0.25,15.66,3.0,74,46,62,51,67.81,86.26,3.17,135,degraded
CELL020202,ST0202,SLA,KV1,2026-08-19-23,1787155200000,98.0,0.38,0.14,6.84,1.68,118,96,52,40,53.79,92.18,3.03,102,degraded
CELL020202,ST0202,SLA,KV1,2026-08-20-00,1787158800000,99.97,2.14,0.64,38.52,7.68,182,176,21,17,21.46,15.21,0.1,57,normal
CELL020202,ST0202,SLA,KV1,2026-08-20-01,1787162400000,99.63,1.89,0.63,34.02,7.56,97,94,45,41,15.3,18.26,0.16,57,normal
CELL020202,ST0202,SLA,KV1,2026-08-20-02,1787166000000,99.93,1.87,0.62,33.66,7.44,170,166,84,80,18.36,27.99,0.04,42,normal
CELL020202,ST0202,SLA,KV1,2026-08-20-03,1787169600000,99.94,2.61,0.64,46.98,7.68,72,69,44,42,18.14,26.8,0.05,81,normal
CELL020202,ST0202,SLA,KV1,2026-08-20-04,1787173200000,99.4,1.89,0.44,34.02,5.28,172,170,48,46,15.38,27.25,0.09,130,normal
CELL020202,ST0202,SLA,KV1,2026-08-20-05,1787176800000,99.77,2.41,0.73,43.38,8.76,127,126,88,87,17.33,22.02,0.14,144,normal
CELL020202,ST0202,SLA,KV1,2026-08-20-06,1787180400000,99.39,1.72,0.64,30.96,7.68,198,196,82,78,19.48,12.68,0.17,143,normal
CELL020202,ST0202,SLA,KV1,2026-08-20-07,1787184000000,99.57,3.69,1.26,66.42,15.12,83,82,77,76,34.15,22.99,0.17,99,normal
CELL020202,ST0202,SLA,KV1,2026-08-20-08,1787187600000,99.51,2.53,0.85,45.54,10.2,185,182,62,59,41.49,13.39,0.07,56,normal
CELL020202,ST0202,SLA,KV1,2026-08-20-09,1787191200000,99.78,3.5,1.15,63.0,13.8,117,112,33,29,35.29,14.55,0.08,48,normal
CELL020202,ST0202,SLA,KV1,2026-08-20-10,1787194800000,99.9,3.22,0.75,57.96,9.0,144,138,90,89,42.74,24.47,0.17,95,normal
CELL020202,ST0202,SLA,KV1,2026-08-20-11,1787198400000,99.56,3.58,0.88,64.44,10.56,106,101,81,81,39.96,23.97,0.1,159,normal
CELL020202,ST0202,SLA,KV1,2026-08-20-12,1787202000000,99.61,3.21,0.9,57.78,10.8,194,192,85,85,28.62,26.68,0.17,34,normal
CELL020202,ST0202,SLA,KV1,2026-08-20-13,1787205600000,99.6,2.95,1.08,53.1,12.96,80,74,66,65,29.01,21.29,0.04,123,normal
CELL020202,ST0202,SLA,KV1,2026-08-20-14,1787209200000,99.44,2.79,0.86,50.22,10.32,209,204,65,62,33.2,19.06,0.02,31,normal
CELL020202,ST0202,SLA,KV1,2026-08-20-15,1787212800000,99.65,4.31,1.43,77.58,17.16,164,160,85,82,32.18,20.23,0.09,98,normal
CELL020202,ST0202,SLA,KV1,2026-08-20-16,1787216400000,99.62,3.11,0.9,55.98,10.8,142,137,29,26,40.63,22.47,0.04,101,normal
CELL020202,ST0202,SLA,KV1,2026-08-20-17,1787220000000,99.32,2.92,0.73,52.56,8.76,130,129,35,34,32.41,23.69,0.08,99,normal
CELL020202,ST0202,SLA,KV1,2026-08-20-18,1787223600000,99.97,4.04,1.2,72.72,14.4,189,184,35,35,57.88,21.36,0.19,100,normal
CELL020202,ST0202,SLA,KV1,2026-08-20-19,1787227200000,99.98,5.78,1.41,104.04,16.92,202,201,46,46,55.6,14.04,0.03,60,normal
CELL020202,ST0202,SLA,KV1,2026-08-20-20,1787230800000,99.44,4.62,1.09,83.16,13.08,137,131,38,36,56.6,19.08,0.02,42,normal
CELL020202,ST0202,SLA,KV1,2026-08-20-21,1787234400000,99.7,4.44,1.49,79.92,17.88,169,163,60,56,55.75,26.44,0.16,88,normal
CELL020202,ST0202,SLA,KV1,2026-08-20-22,1787238000000,99.87,5.28,1.24,95.04,14.88,187,181,54,54,47.49,27.93,0.08,129,normal
CELL020202,ST0202,SLA,KV1,2026-08-20-23,1787241600000,99.79,4.25,1.3,76.5,15.6,104,102,48,47,28.24,21.11,0.07,84,normal
CELL030101,ST0301,CMU,KV3,2026-08-18-00,1786986000000,99.23,2.14,0.62,38.52,7.44,87,86,38,34,15.55,17.55,0.05,78,normal
CELL030101,ST0301,CMU,KV3,2026-08-18-01,1786989600000,99.89,1.7,0.58,30.6,6.96,125,121,24,23,11.44,26.27,0.08,115,normal
CELL030101,ST0301,CMU,KV3,2026-08-18-02,1786993200000,99.34,2.08,0.56,37.44,6.72,204,203,75,71,24.23,22.15,0.14,126,normal
CELL030101,ST0301,CMU,KV3,2026-08-18-03,1786996800000,99.64,2.07,0.58,37.26,6.96,163,159,35,32,20.77,19.84,0.19,30,normal
CELL030101,ST0301,CMU,KV3,2026-08-18-04,1787000400000,100.0,1.38,0.38,24.84,4.56,139,135,22,22,16.7,13.22,0.15,82,normal
CELL030101,ST0301,CMU,KV3,2026-08-18-05,1787004000000,99.48,1.84,0.5,33.12,6.0,209,203,73,69,21.27,15.02,0.13,112,normal
CELL030101,ST0301,CMU,KV3,2026-08-18-06,1787007600000,99.46,1.92,0.59,34.56,7.08,81,80,39,37,15.85,16.21,0.19,42,normal
CELL030101,ST0301,CMU,KV3,2026-08-18-07,1787011200000,99.74,2.14,0.68,38.52,8.16,173,168,84,81,34.85,12.88,0.13,157,normal
CELL030101,ST0301,CMU,KV3,2026-08-18-08,1787014800000,99.91,2.66,0.62,47.88,7.44,125,123,59,58,41.64,29.47,0.16,37,normal
CELL030101,ST0301,CMU,KV3,2026-08-18-09,1787018400000,99.87,3.21,1.16,57.78,13.92,172,166,80,78,37.08,21.17,0.14,141,normal
CELL030101,ST0301,CMU,KV3,2026-08-18-10,1787022000000,99.86,2.6,0.84,46.8,10.08,200,198,21,18,36.77,26.97,0.16,70,normal
CELL030101,ST0301,CMU,KV3,2026-08-18-11,1787025600000,99.7,2.99,1.05,53.82,12.6,164,159,89,89,40.71,19.43,0.07,44,normal
CELL030101,ST0301,CMU,KV3,2026-08-18-12,1787029200000,99.31,2.03,0.68,36.54,8.16,134,131,61,58,40.14,24.24,0.04,80,normal
CELL030101,ST0301,CMU,KV3,2026-08-18-13,1787032800000,99.46,2.91,0.73,52.38,8.76,180,179,53,51,34.5,22.87,0.01,95,normal
CELL030101,ST0301,CMU,KV3,2026-08-18-14,1787036400000,99.42,3.41,0.82,61.38,9.84,216,210,33,29,36.61,14.09,0.09,100,normal
CELL030101,ST0301,CMU,KV3,2026-08-18-15,1787040000000,99.85,2.7,0.93,48.6,11.16,166,165,44,40,36.6,12.37,0.13,55,normal
CELL030101,ST0301,CMU,KV3,2026-08-18-16,1787043600000,99.78,3.34,1.14,60.12,13.68,134,130,27,24,29.48,28.18,0.19,136,normal
CELL030101,ST0301,CMU,KV3,2026-08-18-17,1787047200000,99.34,2.72,0.84,48.96,10.08,139,136,55,52,30.15,19.91,0.09,37,normal
CELL030101,ST0301,CMU,KV3,2026-08-18-18,1787050800000,99.91,4.37,0.97,78.66,11.64,200,197,58,57,55.6,25.8,0.08,113,normal
CELL030101,ST0301,CMU,KV3,2026-08-18-19,1787054400000,99.88,3.88,1.21,69.84,14.52,90,85,43,40,60.43,23.98,0.03,98,normal
CELL030101,ST0301,CMU,KV3,2026-08-18-20,1787058000000,99.32,4.99,1.15,89.82,13.8,163,161,61,60,50.66,16.84,0.08,142,normal
CELL030101,ST0301,CMU,KV3,2026-08-18-21,1787061600000,99.38,5.31,1.96,95.58,23.52,90,85,36,34,53.61,21.76,0.07,144,normal
CELL030101,ST0301,CMU,KV3,2026-08-18-22,1787065200000,99.44,3.9,1.37,70.2,16.44,70,66,25,23,51.61,17.62,0.11,90,normal
CELL030101,ST0301,CMU,KV3,2026-08-18-23,1787068800000,99.67,2.86,0.88,51.48,10.56,116,114,35,35,31.47,21.12,0.18,50,normal
CELL030101,ST0301,CMU,KV3,2026-08-19-00,1787072400000,99.51,1.68,0.44,30.24,5.28,97,96,39,38,17.66,18.58,0.01,41,normal
CELL030101,ST0301,CMU,KV3,2026-08-19-01,1787076000000,99.75,1.95,0.64,35.1,7.68,120,117,64,63,18.82,13.12,0.09,65,normal
CELL030101,ST0301,CMU,KV3,2026-08-19-02,1787079600000,99.24,1.54,0.5,27.72,6.0,72,69,81,77,24.29,24.12,0.12,62,normal
CELL030101,ST0301,CMU,KV3,2026-08-19-03,1787083200000,99.46,1.8,0.5,32.4,6.0,76,72,44,43,11.37,17.48,0.17,115,normal
CELL030101,ST0301,CMU,KV3,2026-08-19-04,1787086800000,99.33,1.48,0.38,26.64,4.56,79,75,39,39,20.77,12.85,0.07,148,normal
CELL030101,ST0301,CMU,KV3,2026-08-19-05,1787090400000,99.92,1.81,0.67,32.58,8.04,129,128,42,39,15.18,15.82,0.12,37,normal
CELL030101,ST0301,CMU,KV3,2026-08-19-06,1787094000000,99.33,2.11,0.47,37.98,5.64,188,183,89,86,11.37,20.52,0.08,122,normal
CELL030101,ST0301,CMU,KV3,2026-08-19-07,1787097600000,99.69,2.84,0.94,51.12,11.28,113,111,29,29,38.57,13.43,0.17,39,normal
CELL030101,ST0301,CMU,KV3,2026-08-19-08,1787101200000,99.8,2.05,0.58,36.9,6.96,116,111,59,59,38.67,18.08,0.1,131,normal
CELL030101,ST0301,CMU,KV3,2026-08-19-09,1787104800000,99.23,3.19,1.12,57.42,13.44,80,74,66,62,38.24,28.94,0.06,33,normal
CELL030101,ST0301,CMU,KV3,2026-08-19-10,1787108400000,99.34,3.84,1.01,69.12,12.12,129,127,25,22,30.47,29.28,0.18,145,normal
CELL030101,ST0301,CMU,KV3,2026-08-19-11,1787112000000,99.95,2.14,0.59,38.52,7.08,117,111,66,62,38.63,28.93,0.12,65,normal
CELL030101,ST0301,CMU,KV3,2026-08-19-12,1787115600000,99.32,2.85,1.03,51.3,12.36,199,196,82,80,38.99,18.95,0.13,63,normal
CELL030101,ST0301,CMU,KV3,2026-08-19-13,1787119200000,99.25,3.55,0.8,63.9,9.6,92,90,66,64,41.97,21.66,0.17,56,normal
CELL030101,ST0301,CMU,KV3,2026-08-19-14,1787122800000,99.21,3.31,1.1,59.58,13.2,170,165,30,26,36.95,27.64,0.16,41,normal
CELL030101,ST0301,CMU,KV3,2026-08-19-15,1787126400000,99.56,3.72,1.38,66.96,16.56,111,105,83,80,36.87,19.41,0.09,52,normal
CELL030101,ST0301,CMU,KV3,2026-08-19-16,1787130000000,99.29,3.41,0.77,61.38,9.24,110,109,70,70,29.08,27.14,0.05,31,normal
CELL030101,ST0301,CMU,KV3,2026-08-19-17,1787133600000,99.96,2.38,0.54,42.84,6.48,123,119,36,36,38.77,21.18,0.1,32,normal
CELL030101,ST0301,CMU,KV3,2026-08-19-18,1787137200000,99.7,4.31,1.54,77.58,18.48,154,150,44,41,62.24,25.4,0.03,128,normal
CELL030101,ST0301,CMU,KV3,2026-08-19-19,1787140800000,99.41,3.15,1.08,56.7,12.96,117,114,57,53,50.55,20.02,0.01,98,normal
CELL030101,ST0301,CMU,KV3,2026-08-19-20,1787144400000,99.64,5.64,1.43,101.52,17.16,111,106,57,57,48.29,29.09,0.09,39,normal
CELL030101,ST0301,CMU,KV3,2026-08-19-21,1787148000000,99.47,4.03,1.32,72.54,15.84,165,162,46,42,59.81,16.56,0.18,110,normal
CELL030101,ST0301,CMU,KV3,2026-08-19-22,1787151600000,99.32,3.91,1.12,70.38,13.44,76,74,81,77,49.86,23.78,0.03,91,normal
CELL030101,ST0301,CMU,KV3,2026-08-19-23,1787155200000,99.72,3.42,1.04,61.56,12.48,174,170,60,59,27.32,24.11,0.01,60,normal
CELL030101,ST0301,CMU,KV3,2026-08-20-00,1787158800000,99.3,1.17,0.27,21.06,3.24,119,114,37,36,22.16,15.89,0.11,115,normal
CELL030101,ST0301,CMU,KV3,2026-08-20-01,1787162400000,99.24,1.56,0.5,28.08,6.0,196,191,35,34,16.88,23.31,0.05,113,normal
CELL030101,ST0301,CMU,KV3,2026-08-20-02,1787166000000,99.23,1.58,0.43,28.44,5.16,107,105,84,83,18.97,13.07,0.01,82,normal
CELL030101,ST0301,CMU,KV3,2026-08-20-03,1787169600000,99.45,1.68,0.6,30.24,7.2,114,110,40,36,20.88,24.09,0.15,155,normal
CELL030101,ST0301,CMU,KV3,2026-08-20-04,1787173200000,99.44,1.88,0.5,33.84,6.0,138,132,51,48,20.04,23.23,0.09,95,normal
CELL030101,ST0301,CMU,KV3,2026-08-20-05,1787176800000,99.36,1.34,0.41,24.12,4.92,178,172,51,50,12.55,17.57,0.13,149,normal
CELL030101,ST0301,CMU,KV3,2026-08-20-06,1787180400000,99.43,1.28,0.43,23.04,5.16,99,95,74,73,23.76,19.39,0.16,33,normal
CELL030101,ST0301,CMU,KV3,2026-08-20-07,1787184000000,99.99,2.38,0.87,42.84,10.44,137,134,77,73,29.41,15.48,0.15,62,normal
CELL030101,ST0301,CMU,KV3,2026-08-20-08,1787187600000,99.44,3.19,1.13,57.42,13.56,197,195,48,45,40.14,13.35,0.18,108,normal
CELL030101,ST0301,CMU,KV3,2026-08-20-09,1787191200000,99.51,2.18,0.54,39.24,6.48,131,127,26,25,27.3,17.05,0.1,134,normal
CELL030101,ST0301,CMU,KV3,2026-08-20-10,1787194800000,99.93,3.1,0.97,55.8,11.64,154,149,87,84,32.33,15.64,0.2,31,normal
CELL030101,ST0301,CMU,KV3,2026-08-20-11,1787198400000,99.7,3.35,1.01,60.3,12.12,139,135,60,56,38.43,19.63,0.04,94,normal
CELL030101,ST0301,CMU,KV3,2026-08-20-12,1787202000000,99.36,2.9,0.98,52.2,11.76,185,182,34,32,38.09,25.76,0.02,128,normal
CELL030101,ST0301,CMU,KV3,2026-08-20-13,1787205600000,99.81,3.1,1.13,55.8,13.56,86,85,88,84,38.5,12.84,0.04,51,normal
CELL030101,ST0301,CMU,KV3,2026-08-20-14,1787209200000,99.51,3.91,1.08,70.38,12.96,128,127,57,56,33.46,21.54,0.12,64,normal
CELL030101,ST0301,CMU,KV3,2026-08-20-15,1787212800000,99.24,3.36,0.75,60.48,9.0,186,183,58,57,29.69,26.43,0.02,33,normal
CELL030101,ST0301,CMU,KV3,2026-08-20-16,1787216400000,99.61,3.08,0.85,55.44,10.2,171,170,54,52,42.52,14.68,0.1,74,normal
CELL030101,ST0301,CMU,KV3,2026-08-20-17,1787220000000,99.71,3.12,1.05,56.16,12.6,161,158,85,83,35.53,13.48,0.11,46,normal
CELL030101,ST0301,CMU,KV3,2026-08-20-18,1787223600000,99.22,5.69,1.63,102.42,19.56,136,134,45,45,51.01,20.88,0.19,79,normal
CELL030101,ST0301,CMU,KV3,2026-08-20-19,1787227200000,99.95,3.07,1.14,55.26,13.68,204,203,21,20,56.96,16.83,0.2,160,normal
CELL030101,ST0301,CMU,KV3,2026-08-20-20,1787230800000,99.82,4.0,0.95,72.0,11.4,110,104,58,56,50.99,14.97,0.11,149,normal
CELL030101,ST0301,CMU,KV3,2026-08-20-21,1787234400000,99.48,4.07,1.24,73.26,14.88,110,104,55,55,57.51,29.42,0.15,79,normal
CELL030101,ST0301,CMU,KV3,2026-08-20-22,1787238000000,99.34,3.14,0.99,56.52,11.88,219,214,29,28,55.02,15.69,0.04,60,normal
CELL030101,ST0301,CMU,KV3,2026-08-20-23,1787241600000,99.45,2.39,0.77,43.02,9.24,174,173,49,48,38.27,13.14,0.14,40,normal
CELL030102,ST0301,CMU,KV3,2026-08-18-00,1786986000000,99.98,0.35,0.12,6.3,1.44,157,155,25,23,15.87,23.47,0.17,98,normal
CELL030102,ST0301,CMU,KV3,2026-08-18-01,1786989600000,99.91,0.38,0.11,6.84,1.32,116,112,74,74,13.51,19.0,0.07,117,normal
CELL030102,ST0301,CMU,KV3,2026-08-18-02,1786993200000,99.21,0.2,0.06,3.6,0.72,88,82,55,55,20.75,28.48,0.09,70,normal
CELL030102,ST0301,CMU,KV3,2026-08-18-03,1786996800000,99.42,0.19,0.06,3.42,0.72,212,206,74,72,22.56,20.47,0.05,73,normal
CELL030102,ST0301,CMU,KV3,2026-08-18-04,1787000400000,99.78,0.19,0.07,3.42,0.84,125,121,73,73,19.98,18.78,0.06,129,normal
CELL030102,ST0301,CMU,KV3,2026-08-18-05,1787004000000,99.48,0.26,0.1,4.68,1.2,140,138,66,62,20.45,23.31,0.1,67,normal
CELL030102,ST0301,CMU,KV3,2026-08-18-06,1787007600000,99.49,0.23,0.06,4.14,0.72,94,93,86,82,19.45,15.36,0.02,159,normal
CELL030102,ST0301,CMU,KV3,2026-08-18-07,1787011200000,99.49,0.63,0.21,11.34,2.52,200,194,78,77,41.81,16.07,0.12,94,normal
CELL030102,ST0301,CMU,KV3,2026-08-18-08,1787014800000,99.29,0.42,0.14,7.56,1.68,102,98,23,19,30.12,24.56,0.14,38,normal
CELL030102,ST0301,CMU,KV3,2026-08-18-09,1787018400000,99.31,0.57,0.17,10.26,2.04,93,92,76,73,37.73,18.48,0.19,30,normal
CELL030102,ST0301,CMU,KV3,2026-08-18-10,1787022000000,99.6,0.46,0.17,8.28,2.04,113,108,56,53,32.18,28.41,0.18,49,normal
CELL030102,ST0301,CMU,KV3,2026-08-18-11,1787025600000,99.41,0.54,0.19,9.72,2.28,220,218,27,23,38.49,13.93,0.18,61,normal
CELL030102,ST0301,CMU,KV3,2026-08-18-12,1787029200000,99.85,0.38,0.14,6.84,1.68,124,121,45,44,40.66,20.84,0.19,118,normal
CELL030102,ST0301,CMU,KV3,2026-08-18-13,1787032800000,99.42,0.51,0.17,9.18,2.04,81,78,35,32,36.08,28.81,0.05,56,normal
CELL030102,ST0301,CMU,KV3,2026-08-18-14,1787036400000,99.89,0.34,0.1,6.12,1.2,206,203,87,86,29.82,14.66,0.19,42,normal
CELL030102,ST0301,CMU,KV3,2026-08-18-15,1787040000000,99.24,0.64,0.18,11.52,2.16,73,70,67,63,28.74,26.19,0.14,39,normal
CELL030102,ST0301,CMU,KV3,2026-08-18-16,1787043600000,99.92,0.39,0.13,7.02,1.56,100,99,20,19,42.94,15.96,0.05,60,normal
CELL030102,ST0301,CMU,KV3,2026-08-18-17,1787047200000,99.77,0.62,0.17,11.16,2.04,77,74,57,56,28.47,23.19,0.01,44,normal
CELL030102,ST0301,CMU,KV3,2026-08-18-18,1787050800000,99.94,0.99,0.26,17.82,3.12,76,73,22,20,59.13,12.07,0.12,78,normal
CELL030102,ST0301,CMU,KV3,2026-08-18-19,1787054400000,99.45,0.79,0.28,14.22,3.36,91,87,23,19,51.85,20.01,0.09,81,normal
CELL030102,ST0301,CMU,KV3,2026-08-18-20,1787058000000,99.69,0.82,0.22,14.76,2.64,155,150,65,63,62.02,29.81,0.18,131,normal
CELL030102,ST0301,CMU,KV3,2026-08-18-21,1787061600000,99.73,0.7,0.23,12.6,2.76,80,74,66,64,61.55,18.77,0.16,157,normal
CELL030102,ST0301,CMU,KV3,2026-08-18-22,1787065200000,99.34,0.72,0.21,12.96,2.52,197,195,61,59,51.2,13.95,0.16,160,normal
CELL030102,ST0301,CMU,KV3,2026-08-18-23,1787068800000,99.83,0.44,0.14,7.92,1.68,152,146,44,44,35.74,17.69,0.18,92,normal
CELL030102,ST0301,CMU,KV3,2026-08-19-00,1787072400000,99.95,0.35,0.13,6.3,1.56,166,164,84,80,14.72,20.04,0.17,58,normal
CELL030102,ST0301,CMU,KV3,2026-08-19-01,1787076000000,99.86,0.32,0.11,5.76,1.32,179,177,57,56,19.92,12.64,0.15,90,normal
CELL030102,ST0301,CMU,KV3,2026-08-19-02,1787079600000,99.37,0.26,0.06,4.68,0.72,167,164,83,81,16.07,21.67,0.2,79,normal
CELL030102,ST0301,CMU,KV3,2026-08-19-03,1787083200000,99.81,0.33,0.08,5.94,0.96,219,215,60,56,19.9,22.77,0.01,81,normal
CELL030102,ST0301,CMU,KV3,2026-08-19-04,1787086800000,99.68,0.33,0.11,5.94,1.32,96,92,42,42,12.84,15.78,0.17,49,normal
CELL030102,ST0301,CMU,KV3,2026-08-19-05,1787090400000,99.45,0.24,0.06,4.32,0.72,70,66,81,78,21.24,18.46,0.19,140,normal
CELL030102,ST0301,CMU,KV3,2026-08-19-06,1787094000000,99.94,0.19,0.07,3.42,0.84,176,173,24,23,17.51,21.96,0.18,112,normal
CELL030102,ST0301,CMU,KV3,2026-08-19-07,1787097600000,99.43,0.63,0.16,11.34,1.92,170,164,31,28,37.77,26.71,0.18,61,normal
CELL030102,ST0301,CMU,KV3,2026-08-19-08,1787101200000,99.21,0.39,0.1,7.02,1.2,102,101,82,78,29.94,27.24,0.01,42,normal
CELL030102,ST0301,CMU,KV3,2026-08-19-09,1787104800000,99.74,0.41,0.12,7.38,1.44,192,187,60,56,34.14,22.06,0.14,112,normal
CELL030102,ST0301,CMU,KV3,2026-08-19-10,1787108400000,99.95,0.61,0.16,10.98,1.92,193,191,88,87,38.07,27.13,0.2,149,normal
CELL030102,ST0301,CMU,KV3,2026-08-19-11,1787112000000,99.81,0.38,0.09,6.84,1.08,122,119,88,86,31.28,17.81,0.2,92,normal
CELL030102,ST0301,CMU,KV3,2026-08-19-12,1787115600000,99.94,0.49,0.18,8.82,2.16,166,160,49,46,32.23,16.33,0.1,135,normal
CELL030102,ST0301,CMU,KV3,2026-08-19-13,1787119200000,99.92,0.53,0.18,9.54,2.16,73,72,37,37,41.02,24.57,0.08,116,normal
CELL030102,ST0301,CMU,KV3,2026-08-19-14,1787122800000,99.72,0.5,0.17,9.0,2.04,78,73,51,48,38.68,12.16,0.13,42,normal
CELL030102,ST0301,CMU,KV3,2026-08-19-15,1787126400000,99.27,0.5,0.18,9.0,2.16,72,71,36,36,32.63,22.48,0.04,123,normal
CELL030102,ST0301,CMU,KV3,2026-08-19-16,1787130000000,99.79,0.65,0.23,11.7,2.76,204,200,69,68,37.96,18.99,0.01,112,normal
CELL030102,ST0301,CMU,KV3,2026-08-19-17,1787133600000,99.22,0.57,0.2,10.26,2.4,87,83,75,74,37.25,25.51,0.13,84,normal
CELL030102,ST0301,CMU,KV3,2026-08-19-18,1787137200000,99.35,0.88,0.32,15.84,3.84,215,209,68,68,60.45,22.96,0.15,106,normal
CELL030102,ST0301,CMU,KV3,2026-08-19-19,1787140800000,99.75,0.75,0.18,13.5,2.16,144,143,51,49,60.66,14.28,0.06,77,normal
CELL030102,ST0301,CMU,KV3,2026-08-19-20,1787144400000,99.52,0.66,0.24,11.88,2.88,160,155,36,32,48.38,21.8,0.14,106,normal
CELL030102,ST0301,CMU,KV3,2026-08-19-21,1787148000000,99.74,1.06,0.29,19.08,3.48,186,183,37,34,52.47,27.19,0.1,128,normal
CELL030102,ST0301,CMU,KV3,2026-08-19-22,1787151600000,99.9,0.68,0.23,12.24,2.76,126,125,83,82,51.31,27.52,0.17,37,normal
CELL030102,ST0301,CMU,KV3,2026-08-19-23,1787155200000,99.28,0.48,0.11,8.64,1.32,164,161,29,28,38.2,22.36,0.19,48,normal
CELL030102,ST0301,CMU,KV3,2026-08-20-00,1787158800000,99.67,0.36,0.12,6.48,1.44,219,213,32,28,22.83,15.04,0.15,42,normal
CELL030102,ST0301,CMU,KV3,2026-08-20-01,1787162400000,99.62,0.3,0.09,5.4,1.08,126,124,57,54,11.52,23.79,0.15,35,normal
CELL030102,ST0301,CMU,KV3,2026-08-20-02,1787166000000,99.47,0.3,0.08,5.4,0.96,150,149,79,75,17.18,22.77,0.02,72,normal
CELL030102,ST0301,CMU,KV3,2026-08-20-03,1787169600000,99.48,0.33,0.1,5.94,1.2,152,150,30,28,24.33,18.33,0.17,98,normal
CELL030102,ST0301,CMU,KV3,2026-08-20-04,1787173200000,99.5,0.25,0.09,4.5,1.08,76,75,58,57,13.27,14.94,0.03,155,normal
CELL030102,ST0301,CMU,KV3,2026-08-20-05,1787176800000,99.43,0.22,0.08,3.96,0.96,145,139,74,73,21.79,24.43,0.09,157,normal
CELL030102,ST0301,CMU,KV3,2026-08-20-06,1787180400000,99.63,0.36,0.13,6.48,1.56,143,142,64,64,26.54,21.11,0.04,94,normal
CELL030102,ST0301,CMU,KV3,2026-08-20-07,1787184000000,99.62,0.53,0.18,9.54,2.16,96,94,24,22,34.49,21.28,0.15,42,normal
CELL030102,ST0301,CMU,KV3,2026-08-20-08,1787187600000,99.7,0.48,0.15,8.64,1.8,153,148,45,43,28.55,16.07,0.15,47,normal
CELL030102,ST0301,CMU,KV3,2026-08-20-09,1787191200000,99.95,0.55,0.13,9.9,1.56,204,202,35,34,31.07,14.26,0.16,98,normal
CELL030102,ST0301,CMU,KV3,2026-08-20-10,1787194800000,99.21,0.61,0.23,10.98,2.76,107,106,56,54,42.46,22.2,0.09,69,normal
CELL030102,ST0301,CMU,KV3,2026-08-20-11,1787198400000,99.23,0.68,0.16,12.24,1.92,109,103,84,84,31.84,12.48,0.03,47,normal
CELL030102,ST0301,CMU,KV3,2026-08-20-12,1787202000000,99.91,0.37,0.13,6.66,1.56,162,156,57,56,39.4,29.09,0.14,104,normal
CELL030102,ST0301,CMU,KV3,2026-08-20-13,1787205600000,99.86,0.51,0.18,9.18,2.16,182,178,69,65,33.26,19.89,0.02,35,normal
CELL030102,ST0301,CMU,KV3,2026-08-20-14,1787209200000,99.22,0.6,0.18,10.8,2.16,199,197,20,18,31.45,15.34,0.09,151,normal
CELL030102,ST0301,CMU,KV3,2026-08-20-15,1787212800000,99.57,0.56,0.19,10.08,2.28,147,143,76,75,40.49,13.75,0.15,59,normal
CELL030102,ST0301,CMU,KV3,2026-08-20-16,1787216400000,99.29,0.59,0.2,10.62,2.4,205,199,72,71,36.05,22.78,0.14,83,normal
CELL030102,ST0301,CMU,KV3,2026-08-20-17,1787220000000,99.88,0.64,0.17,11.52,2.04,180,176,67,65,30.28,14.5,0.01,36,normal
CELL030102,ST0301,CMU,KV3,2026-08-20-18,1787223600000,99.74,0.88,0.27,15.84,3.24,186,185,81,77,48.61,25.32,0.13,107,normal
CELL030102,ST0301,CMU,KV3,2026-08-20-19,1787227200000,99.37,0.82,0.24,14.76,2.88,189,188,89,89,47.23,21.56,0.04,142,normal
CELL030102,ST0301,CMU,KV3,2026-08-20-20,1787230800000,99.26,1.06,0.27,19.08,3.24,125,122,72,69,52.37,25.2,0.06,124,normal
CELL030102,ST0301,CMU,KV3,2026-08-20-21,1787234400000,99.57,0.59,0.17,10.62,2.04,204,200,70,67,55.63,16.44,0.02,46,normal
CELL030102,ST0301,CMU,KV3,2026-08-20-22,1787238000000,99.93,0.64,0.19,11.52,2.28,109,108,61,61,52.65,22.29,0.2,130,normal
CELL030102,ST0301,CMU,KV3,2026-08-20-23,1787241600000,99.45,0.56,0.14,10.08,1.68,142,141,43,42,39.98,20.99,0.1,70,normal
CELL030201,ST0302,CMU,KV3,2026-08-18-00,1786986000000,99.33,4.72,1.74,84.96,20.88,152,151,51,48,20.02,15.8,0.07,120,normal
CELL030201,ST0302,CMU,KV3,2026-08-18-01,1786989600000,99.61,5.03,1.91,90.54,22.92,130,126,46,44,12.3,23.75,0.02,158,normal
CELL030201,ST0302,CMU,KV3,2026-08-18-02,1786993200000,99.37,4.15,1.25,74.7,15.0,93,90,37,35,12.08,17.62,0.12,83,normal
CELL030201,ST0302,CMU,KV3,2026-08-18-03,1786996800000,99.24,4.18,1.49,75.24,17.88,146,145,64,61,21.1,22.62,0.13,117,normal
CELL030201,ST0302,CMU,KV3,2026-08-18-04,1787000400000,99.28,4.81,1.29,86.58,15.48,77,75,46,46,26.4,29.55,0.06,43,normal
CELL030201,ST0302,CMU,KV3,2026-08-18-05,1787004000000,99.39,3.81,1.38,68.58,16.56,115,109,21,21,26.6,19.78,0.06,117,normal
CELL030201,ST0302,CMU,KV3,2026-08-18-06,1787007600000,99.84,4.62,1.56,83.16,18.72,172,168,48,45,22.74,19.25,0.05,65,normal
CELL030201,ST0302,CMU,KV3,2026-08-18-07,1787011200000,99.32,6.72,2.49,120.96,29.88,168,166,68,68,42.02,20.94,0.08,62,normal
CELL030201,ST0302,CMU,KV3,2026-08-18-08,1787014800000,99.33,7.17,2.67,129.06,32.04,103,102,75,74,33.77,29.94,0.1,92,normal
CELL030201,ST0302,CMU,KV3,2026-08-18-09,1787018400000,99.66,5.67,1.63,102.06,19.56,185,182,36,34,30.55,20.4,0.15,100,normal
CELL030201,ST0302,CMU,KV3,2026-08-18-10,1787022000000,99.66,9.11,2.02,163.98,24.24,127,122,55,51,40.62,24.68,0.17,133,normal
CELL030201,ST0302,CMU,KV3,2026-08-18-11,1787025600000,99.98,6.62,2.01,119.16,24.12,207,206,27,26,42.53,28.15,0.16,97,normal
CELL030201,ST0302,CMU,KV3,2026-08-18-12,1787029200000,99.84,9.11,2.98,163.98,35.76,104,102,54,50,30.97,23.32,0.07,136,normal
CELL030201,ST0302,CMU,KV3,2026-08-18-13,1787032800000,99.64,9.22,3.05,165.96,36.6,176,173,86,83,30.71,28.16,0.1,147,normal
CELL030201,ST0302,CMU,KV3,2026-08-18-14,1787036400000,99.32,7.23,2.12,130.14,25.44,202,200,27,24,39.93,15.55,0.1,137,normal
CELL030201,ST0302,CMU,KV3,2026-08-18-15,1787040000000,99.33,7.06,1.61,127.08,19.32,180,179,73,72,40.37,13.02,0.11,101,normal
CELL030201,ST0302,CMU,KV3,2026-08-18-16,1787043600000,99.26,6.6,1.67,118.8,20.04,120,114,37,35,37.98,27.53,0.08,51,normal
CELL030201,ST0302,CMU,KV3,2026-08-18-17,1787047200000,99.22,6.24,2.01,112.32,24.12,155,153,79,79,30.02,26.39,0.12,57,normal
CELL030201,ST0302,CMU,KV3,2026-08-18-18,1787050800000,99.44,12.64,3.92,227.52,47.04,152,146,71,71,52.13,23.49,0.11,75,normal
CELL030201,ST0302,CMU,KV3,2026-08-18-19,1787054400000,99.71,11.19,2.54,201.42,30.48,178,173,54,54,46.53,15.66,0.07,85,normal
CELL030201,ST0302,CMU,KV3,2026-08-18-20,1787058000000,99.68,10.66,3.76,191.88,45.12,82,80,37,37,48.19,13.55,0.12,152,normal
CELL030201,ST0302,CMU,KV3,2026-08-18-21,1787061600000,99.79,13.82,3.28,248.76,39.36,89,86,48,48,48.04,24.11,0.04,62,normal
CELL030201,ST0302,CMU,KV3,2026-08-18-22,1787065200000,99.26,8.06,2.86,145.08,34.32,104,103,24,22,56.32,23.34,0.06,77,normal
CELL030201,ST0302,CMU,KV3,2026-08-18-23,1787068800000,99.33,5.0,1.38,90.0,16.56,130,125,30,26,41.5,26.48,0.05,121,normal
CELL030201,ST0302,CMU,KV3,2026-08-19-00,1787072400000,99.72,3.92,1.05,70.56,12.6,97,94,79,75,23.02,23.81,0.03,101,normal
CELL030201,ST0302,CMU,KV3,2026-08-19-01,1787076000000,99.35,4.43,1.67,79.74,20.04,129,123,46,45,14.39,18.3,0.06,105,normal
CELL030201,ST0302,CMU,KV3,2026-08-19-02,1787079600000,99.48,4.1,1.03,73.8,12.36,117,115,75,75,24.1,13.66,0.09,113,normal
CELL030201,ST0302,CMU,KV3,2026-08-19-03,1787083200000,99.76,4.79,1.52,86.22,18.24,160,158,83,79,11.6,26.08,0.11,81,normal
CELL030201,ST0302,CMU,KV3,2026-08-19-04,1787086800000,99.4,4.65,1.47,83.7,17.64,198,195,72,71,25.35,23.21,0.1,149,normal
CELL030201,ST0302,CMU,KV3,2026-08-19-05,1787090400000,99.96,3.78,1.39,68.04,16.68,123,119,78,75,25.49,15.98,0.01,106,normal
CELL030201,ST0302,CMU,KV3,2026-08-19-06,1787094000000,99.99,3.01,0.86,54.18,10.32,193,189,56,56,14.94,22.13,0.15,52,normal
CELL030201,ST0302,CMU,KV3,2026-08-19-07,1787097600000,99.66,5.76,2.14,103.68,25.68,77,72,34,33,34.34,25.7,0.14,39,normal
CELL030201,ST0302,CMU,KV3,2026-08-19-08,1787101200000,99.85,7.99,2.32,143.82,27.84,184,179,56,55,40.85,21.23,0.15,86,normal
CELL030201,ST0302,CMU,KV3,2026-08-19-09,1787104800000,99.92,4.82,1.08,86.76,12.96,129,124,65,65,27.5,25.37,0.13,90,normal
CELL030201,ST0302,CMU,KV3,2026-08-19-10,1787108400000,99.55,5.38,1.91,96.84,22.92,100,95,22,19,29.33,24.43,0.12,125,normal
CELL030201,ST0302,CMU,KV3,2026-08-19-11,1787112000000,99.37,7.22,1.86,129.96,22.32,101,99,54,52,34.59,12.46,0.1,118,normal
CELL030201,ST0302,CMU,KV3,2026-08-19-12,1787115600000,99.48,5.22,1.35,93.96,16.2,195,193,24,23,33.88,25.54,0.07,49,normal
CELL030201,ST0302,CMU,KV3,2026-08-19-13,1787119200000,99.82,6.33,2.17,113.94,26.04,94,93,23,19,35.55,14.36,0.17,73,normal
CELL030201,ST0302,CMU,KV3,2026-08-19-14,1787122800000,99.55,6.48,1.71,116.64,20.52,196,194,61,61,37.62,17.9,0.15,69,normal
CELL030201,ST0302,CMU,KV3,2026-08-19-15,1787126400000,99.89,5.01,1.82,90.18,21.84,130,127,49,46,42.18,27.9,0.13,137,normal
CELL030201,ST0302,CMU,KV3,2026-08-19-16,1787130000000,99.48,8.18,2.36,147.24,28.32,146,143,76,73,37.85,27.55,0.09,75,normal
CELL030201,ST0302,CMU,KV3,2026-08-19-17,1787133600000,100.0,8.42,2.95,151.56,35.4,102,97,63,62,34.29,26.61,0.02,106,normal
CELL030201,ST0302,CMU,KV3,2026-08-19-18,1787137200000,99.29,11.23,3.99,202.14,47.88,201,195,55,52,49.67,25.34,0.05,142,normal
CELL030201,ST0302,CMU,KV3,2026-08-19-19,1787140800000,99.87,13.52,3.61,243.36,43.32,96,94,68,64,46.6,25.59,0.01,68,normal
CELL030201,ST0302,CMU,KV3,2026-08-19-20,1787144400000,99.27,10.5,3.04,189.0,36.48,131,129,20,20,58.46,24.99,0.2,43,normal
CELL030201,ST0302,CMU,KV3,2026-08-19-21,1787148000000,99.29,13.7,3.33,246.6,39.96,205,199,53,50,53.97,17.47,0.14,36,normal
CELL030201,ST0302,CMU,KV3,2026-08-19-22,1787151600000,99.4,11.69,3.34,210.42,40.08,133,131,60,56,53.31,15.83,0.13,78,normal
CELL030201,ST0302,CMU,KV3,2026-08-19-23,1787155200000,99.56,8.4,2.88,151.2,34.56,193,187,73,71,29.84,15.32,0.05,53,normal
CELL030201,ST0302,CMU,KV3,2026-08-20-00,1787158800000,99.28,4.63,1.22,83.34,14.64,188,187,22,22,15.28,22.08,0.02,70,normal
CELL030201,ST0302,CMU,KV3,2026-08-20-01,1787162400000,99.91,4.26,1.51,76.68,18.12,167,165,79,75,14.86,15.86,0.02,100,normal
CELL030201,ST0302,CMU,KV3,2026-08-20-02,1787166000000,99.83,4.51,1.35,81.18,16.2,126,120,77,75,23.82,29.02,0.05,139,normal
CELL030201,ST0302,CMU,KV3,2026-08-20-03,1787169600000,99.32,3.98,1.24,71.64,14.88,219,217,85,83,18.34,29.23,0.09,126,normal
CELL030201,ST0302,CMU,KV3,2026-08-20-04,1787173200000,99.77,3.12,0.94,56.16,11.28,70,67,59,56,20.03,13.74,0.12,132,normal
CELL030201,ST0302,CMU,KV3,2026-08-20-05,1787176800000,99.28,4.85,1.09,87.3,13.08,155,149,28,25,21.62,22.42,0.09,33,normal
CELL030201,ST0302,CMU,KV3,2026-08-20-06,1787180400000,99.32,4.02,1.06,72.36,12.72,97,95,42,41,20.31,25.87,0.19,128,normal
CELL030201,ST0302,CMU,KV3,2026-08-20-07,1787184000000,99.63,7.34,2.25,132.12,27.0,110,106,77,73,35.02,14.4,0.1,151,normal
CELL030201,ST0302,CMU,KV3,2026-08-20-08,1787187600000,100.0,4.83,1.68,86.94,20.16,128,126,34,33,32.54,17.08,0.04,94,normal
CELL030201,ST0302,CMU,KV3,2026-08-20-09,1787191200000,99.95,9.15,2.37,164.7,28.44,115,112,88,84,35.92,18.15,0.02,145,normal
CELL030201,ST0302,CMU,KV3,2026-08-20-10,1787194800000,99.68,6.28,2.07,113.04,24.84,119,116,38,34,39.56,17.14,0.08,110,normal
CELL030201,ST0302,CMU,KV3,2026-08-20-11,1787198400000,99.79,9.22,3.23,165.96,38.76,88,82,27,26,28.54,29.35,0.2,55,normal
CELL030201,ST0302,CMU,KV3,2026-08-20-12,1787202000000,99.88,9.23,2.5,166.14,30.0,81,79,37,34,36.66,27.31,0.06,44,normal
CELL030201,ST0302,CMU,KV3,2026-08-20-13,1787205600000,99.28,5.34,1.81,96.12,21.72,116,113,24,20,36.9,24.89,0.19,96,normal
CELL030201,ST0302,CMU,KV3,2026-08-20-14,1787209200000,99.93,9.06,2.39,163.08,28.68,105,100,30,28,41.76,21.96,0.05,148,normal
CELL030201,ST0302,CMU,KV3,2026-08-20-15,1787212800000,99.52,8.97,1.99,161.46,23.88,142,136,56,54,41.64,17.03,0.02,41,normal
CELL030201,ST0302,CMU,KV3,2026-08-20-16,1787216400000,99.89,7.55,1.78,135.9,21.36,126,124,80,80,27.39,17.76,0.2,82,normal
CELL030201,ST0302,CMU,KV3,2026-08-20-17,1787220000000,99.88,5.15,1.61,92.7,19.32,112,106,86,86,41.07,22.68,0.05,77,normal
CELL030201,ST0302,CMU,KV3,2026-08-20-18,1787223600000,99.63,11.18,2.95,201.24,35.4,135,131,37,36,48.54,16.31,0.19,98,normal
CELL030201,ST0302,CMU,KV3,2026-08-20-19,1787227200000,99.28,8.93,3.36,160.74,40.32,133,128,85,81,54.1,17.73,0.03,117,normal
CELL030201,ST0302,CMU,KV3,2026-08-20-20,1787230800000,99.66,7.71,2.78,138.78,33.36,167,163,40,36,50.98,12.27,0.04,156,normal
CELL030201,ST0302,CMU,KV3,2026-08-20-21,1787234400000,99.5,14.02,4.1,252.36,49.2,197,191,62,62,49.9,13.24,0.01,56,normal
CELL030201,ST0302,CMU,KV3,2026-08-20-22,1787238000000,99.62,10.04,3.36,180.72,40.32,110,105,51,47,47.29,27.92,0.15,53,normal
CELL030201,ST0302,CMU,KV3,2026-08-20-23,1787241600000,99.76,7.74,2.21,139.32,26.52,118,115,63,63,36.01,15.74,0.03,157,normal
CELL030202,ST0302,CMU,KV3,2026-08-18-00,1786986000000,99.84,1.65,0.45,29.7,5.4,85,82,62,58,18.67,19.4,0.15,114,normal
CELL030202,ST0302,CMU,KV3,2026-08-18-01,1786989600000,99.75,1.78,0.62,32.04,7.44,206,205,66,63,14.09,20.93,0.17,58,normal
CELL030202,ST0302,CMU,KV3,2026-08-18-02,1786993200000,99.88,1.46,0.38,26.28,4.56,140,139,57,55,19.08,27.28,0.08,112,normal
CELL030202,ST0302,CMU,KV3,2026-08-18-03,1786996800000,99.63,1.49,0.5,26.82,6.0,75,74,29,26,19.53,16.59,0.1,159,normal
CELL030202,ST0302,CMU,KV3,2026-08-18-04,1787000400000,99.75,1.23,0.4,22.14,4.8,159,155,31,28,24.88,20.81,0.2,80,normal
CELL030202,ST0302,CMU,KV3,2026-08-18-05,1787004000000,99.66,1.93,0.49,34.74,5.88,120,115,85,82,25.12,18.4,0.14,113,normal
CELL030202,ST0302,CMU,KV3,2026-08-18-06,1787007600000,99.67,1.56,0.4,28.08,4.8,176,172,83,81,16.62,17.15,0.17,56,normal
CELL030202,ST0302,CMU,KV3,2026-08-18-07,1787011200000,99.44,3.58,1.03,64.44,12.36,174,169,47,47,33.51,16.84,0.13,50,normal
CELL030202,ST0302,CMU,KV3,2026-08-18-08,1787014800000,99.8,3.38,0.75,60.84,9.0,101,95,81,81,33.27,26.96,0.03,116,normal
CELL030202,ST0302,CMU,KV3,2026-08-18-09,1787018400000,99.38,2.42,0.71,43.56,8.52,211,205,35,35,35.98,22.78,0.13,104,normal
CELL030202,ST0302,CMU,KV3,2026-08-18-10,1787022000000,99.47,2.34,0.86,42.12,10.32,162,158,77,74,42.12,20.26,0.09,100,normal
CELL030202,ST0302,CMU,KV3,2026-08-18-11,1787025600000,99.24,3.25,1.04,58.5,12.48,81,78,70,70,32.17,13.68,0.18,76,normal
CELL030202,ST0302,CMU,KV3,2026-08-18-12,1787029200000,99.25,2.19,0.62,39.42,7.44,122,116,72,68,41.7,28.12,0.05,81,normal
CELL030202,ST0302,CMU,KV3,2026-08-18-13,1787032800000,99.73,2.32,0.67,41.76,8.04,177,174,35,34,42.94,29.31,0.18,69,normal
CELL030202,ST0302,CMU,KV3,2026-08-18-14,1787036400000,99.57,2.94,0.83,52.92,9.96,200,196,73,71,29.34,22.16,0.14,90,normal
CELL030202,ST0302,CMU,KV3,2026-08-18-15,1787040000000,99.34,3.81,1.04,68.58,12.48,165,160,78,74,30.18,26.95,0.18,32,normal
CELL030202,ST0302,CMU,KV3,2026-08-18-16,1787043600000,99.27,2.24,0.83,40.32,9.96,214,211,50,46,27.34,19.35,0.14,37,normal
CELL030202,ST0302,CMU,KV3,2026-08-18-17,1787047200000,99.66,1.99,0.44,35.82,5.28,100,94,60,56,40.9,26.84,0.1,96,normal
CELL030202,ST0302,CMU,KV3,2026-08-18-18,1787050800000,99.96,3.34,1.03,60.12,12.36,207,205,48,47,47.56,15.7,0.12,89,normal
CELL030202,ST0302,CMU,KV3,2026-08-18-19,1787054400000,99.44,4.62,1.73,83.16,20.76,198,197,43,43,47.52,19.67,0.05,60,normal
CELL030202,ST0302,CMU,KV3,2026-08-18-20,1787058000000,99.79,4.19,1.42,75.42,17.04,158,152,34,30,48.86,22.7,0.2,93,normal
CELL030202,ST0302,CMU,KV3,2026-08-18-21,1787061600000,99.65,4.37,1.28,78.66,15.36,168,166,31,29,54.02,27.78,0.15,106,normal
CELL030202,ST0302,CMU,KV3,2026-08-18-22,1787065200000,99.87,4.85,1.72,87.3,20.64,152,151,86,84,53.45,16.49,0.15,149,normal
CELL030202,ST0302,CMU,KV3,2026-08-18-23,1787068800000,99.36,3.13,1.16,56.34,13.92,208,206,86,82,35.24,17.7,0.2,100,normal
CELL030202,ST0302,CMU,KV3,2026-08-19-00,1787072400000,99.52,1.37,0.48,24.66,5.76,70,65,62,61,24.29,17.78,0.12,69,normal
CELL030202,ST0302,CMU,KV3,2026-08-19-01,1787076000000,99.73,1.54,0.53,27.72,6.36,104,103,29,27,27.09,23.29,0.11,93,normal
CELL030202,ST0302,CMU,KV3,2026-08-19-02,1787079600000,99.65,1.1,0.26,19.8,3.12,141,136,76,74,14.78,12.1,0.15,85,normal
CELL030202,ST0302,CMU,KV3,2026-08-19-03,1787083200000,99.25,1.88,0.52,33.84,6.24,143,142,28,24,16.2,19.08,0.12,142,normal
CELL030202,ST0302,CMU,KV3,2026-08-19-04,1787086800000,99.51,1.56,0.56,28.08,6.72,194,188,32,31,23.9,19.65,0.04,134,normal
CELL030202,ST0302,CMU,KV3,2026-08-19-05,1787090400000,99.8,1.54,0.58,27.72,6.96,201,195,67,65,23.2,28.19,0.08,147,normal
CELL030202,ST0302,CMU,KV3,2026-08-19-06,1787094000000,99.76,1.79,0.48,32.22,5.76,127,125,41,40,14.54,27.58,0.18,64,normal
CELL030202,ST0302,CMU,KV3,2026-08-19-07,1787097600000,99.68,3.67,1.26,66.06,15.12,129,128,85,84,35.76,19.16,0.05,45,normal
CELL030202,ST0302,CMU,KV3,2026-08-19-08,1787101200000,99.49,3.83,1.14,68.94,13.68,188,182,69,68,36.61,21.14,0.08,134,normal
CELL030202,ST0302,CMU,KV3,2026-08-19-09,1787104800000,99.24,3.84,1.4,69.12,16.8,205,204,25,22,42.18,13.15,0.03,48,normal
CELL030202,ST0302,CMU,KV3,2026-08-19-10,1787108400000,99.61,2.63,0.75,47.34,9.0,93,90,78,76,33.86,27.35,0.09,107,normal
CELL030202,ST0302,CMU,KV3,2026-08-19-11,1787112000000,99.48,2.64,0.9,47.52,10.8,170,169,58,56,36.68,14.43,0.08,62,normal
CELL030202,ST0302,CMU,KV3,2026-08-19-12,1787115600000,99.24,2.11,0.65,37.98,7.8,142,137,22,21,27.44,20.92,0.09,130,normal
CELL030202,ST0302,CMU,KV3,2026-08-19-13,1787119200000,99.49,2.11,0.72,37.98,8.64,77,72,42,38,42.6,24.06,0.11,137,normal
CELL030202,ST0302,CMU,KV3,2026-08-19-14,1787122800000,99.23,2.58,0.6,46.44,7.2,205,202,58,57,38.47,15.83,0.02,99,normal
CELL030202,ST0302,CMU,KV3,2026-08-19-15,1787126400000,99.24,3.91,1.2,70.38,14.4,124,120,56,52,39.25,25.71,0.16,131,normal
CELL030202,ST0302,CMU,KV3,2026-08-19-16,1787130000000,99.89,2.53,0.68,45.54,8.16,108,107,35,31,42.7,24.15,0.15,78,normal
CELL030202,ST0302,CMU,KV3,2026-08-19-17,1787133600000,99.44,3.0,0.89,54.0,10.68,130,128,74,73,28.72,21.12,0.01,157,normal
CELL030202,ST0302,CMU,KV3,2026-08-19-18,1787137200000,99.96,4.74,1.27,85.32,15.24,193,190,44,41,58.63,16.67,0.09,115,normal
CELL030202,ST0302,CMU,KV3,2026-08-19-19,1787140800000,99.3,3.66,0.95,65.88,11.4,122,120,45,45,53.5,18.89,0.08,76,normal
CELL030202,ST0302,CMU,KV3,2026-08-19-20,1787144400000,99.49,3.7,1.0,66.6,12.0,138,136,34,33,50.89,16.57,0.03,46,normal
CELL030202,ST0302,CMU,KV3,2026-08-19-21,1787148000000,99.23,5.8,1.76,104.4,21.12,152,148,44,40,58.04,19.57,0.07,51,normal
CELL030202,ST0302,CMU,KV3,2026-08-19-22,1787151600000,99.75,4.74,1.25,85.32,15.0,135,134,83,83,46.3,21.83,0.02,76,normal
CELL030202,ST0302,CMU,KV3,2026-08-19-23,1787155200000,99.96,3.02,0.75,54.36,9.0,124,121,79,75,27.84,23.85,0.05,137,normal
CELL030202,ST0302,CMU,KV3,2026-08-20-00,1787158800000,99.79,1.74,0.53,31.32,6.36,174,169,67,65,18.45,25.28,0.03,49,normal
CELL030202,ST0302,CMU,KV3,2026-08-20-01,1787162400000,99.49,1.83,0.55,32.94,6.6,143,138,85,81,17.17,14.33,0.06,74,normal
CELL030202,ST0302,CMU,KV3,2026-08-20-02,1787166000000,99.9,1.73,0.44,31.14,5.28,84,80,37,37,11.6,23.42,0.17,33,normal
CELL030202,ST0302,CMU,KV3,2026-08-20-03,1787169600000,99.55,1.94,0.57,34.92,6.84,206,201,75,75,11.91,23.52,0.2,142,normal
CELL030202,ST0302,CMU,KV3,2026-08-20-04,1787173200000,99.91,2.04,0.68,36.72,8.16,157,153,45,42,18.3,17.43,0.06,112,normal
CELL030202,ST0302,CMU,KV3,2026-08-20-05,1787176800000,99.6,1.32,0.42,23.76,5.04,196,190,46,43,18.74,20.38,0.13,49,normal
CELL030202,ST0302,CMU,KV3,2026-08-20-06,1787180400000,99.62,1.24,0.31,22.32,3.72,153,148,84,80,23.5,27.76,0.17,71,normal
CELL030202,ST0302,CMU,KV3,2026-08-20-07,1787184000000,99.51,3.43,1.2,61.74,14.4,71,68,89,88,33.56,16.45,0.09,149,normal
CELL030202,ST0302,CMU,KV3,2026-08-20-08,1787187600000,99.74,2.12,0.76,38.16,9.12,108,105,71,67,40.35,27.2,0.05,42,normal
CELL030202,ST0302,CMU,KV3,2026-08-20-09,1787191200000,99.36,2.9,0.97,52.2,11.64,85,79,52,48,41.4,26.89,0.14,148,normal
CELL030202,ST0302,CMU,KV3,2026-08-20-10,1787194800000,99.64,2.11,0.51,37.98,6.12,107,103,79,75,32.69,18.59,0.03,145,normal
CELL030202,ST0302,CMU,KV3,2026-08-20-11,1787198400000,99.55,2.75,0.74,49.5,8.88,85,80,34,30,35.37,25.52,0.09,46,normal
CELL030202,ST0302,CMU,KV3,2026-08-20-12,1787202000000,99.64,2.41,0.83,43.38,9.96,193,188,40,38,34.63,27.76,0.16,154,normal
CELL030202,ST0302,CMU,KV3,2026-08-20-13,1787205600000,99.34,3.67,0.85,66.06,10.2,80,75,20,20,40.61,27.55,0.17,47,normal
CELL030202,ST0302,CMU,KV3,2026-08-20-14,1787209200000,99.38,3.5,1.01,63.0,12.12,90,86,33,30,27.76,28.7,0.1,49,normal
CELL030202,ST0302,CMU,KV3,2026-08-20-15,1787212800000,99.93,3.8,1.44,68.4,17.28,199,198,33,32,39.47,22.25,0.02,124,normal
CELL030202,ST0302,CMU,KV3,2026-08-20-16,1787216400000,99.74,2.36,0.66,42.48,7.92,168,162,77,77,30.56,17.42,0.13,31,normal
CELL030202,ST0302,CMU,KV3,2026-08-20-17,1787220000000,99.65,3.74,1.4,67.32,16.8,81,78,25,24,31.54,21.23,0.18,124,normal
CELL030202,ST0302,CMU,KV3,2026-08-20-18,1787223600000,99.89,5.12,1.87,92.16,22.44,73,72,39,37,54.85,13.33,0.08,101,normal
CELL030202,ST0302,CMU,KV3,2026-08-20-19,1787227200000,99.78,5.74,1.57,103.32,18.84,74,68,47,45,55.96,15.49,0.05,46,normal
CELL030202,ST0302,CMU,KV3,2026-08-20-20,1787230800000,99.64,4.62,1.02,83.16,12.24,146,145,20,16,62.11,20.61,0.12,75,normal
CELL030202,ST0302,CMU,KV3,2026-08-20-21,1787234400000,99.49,4.13,1.46,74.34,17.52,128,125,69,69,62.1,29.48,0.08,66,normal
CELL030202,ST0302,CMU,KV3,2026-08-20-22,1787238000000,99.53,4.72,1.72,84.96,20.64,214,213,49,46,53.59,14.61,0.08,59,normal
CELL030202,ST0302,CMU,KV3,2026-08-20-23,1787241600000,99.58,2.42,0.69,43.56,8.28,106,102,28,28,40.37,19.06,0.11,107,normal
CELL040101,ST0401,NBH,KV1,2026-08-18-00,1786986000000,99.46,1.23,0.37,22.14,4.44,143,139,24,22,26.67,12.17,0.07,105,normal
CELL040101,ST0401,NBH,KV1,2026-08-18-01,1786989600000,99.42,1.27,0.37,22.86,4.44,187,186,30,27,16.32,19.38,0.13,150,normal
CELL040101,ST0401,NBH,KV1,2026-08-18-02,1786993200000,99.31,0.91,0.31,16.38,3.72,101,95,25,24,18.87,21.81,0.13,137,normal
CELL040101,ST0401,NBH,KV1,2026-08-18-03,1786996800000,99.77,0.81,0.23,14.58,2.76,99,95,40,40,26.29,13.0,0.1,136,normal
CELL040101,ST0401,NBH,KV1,2026-08-18-04,1787000400000,99.91,0.94,0.34,16.92,4.08,138,135,76,73,19.43,26.43,0.19,47,normal
CELL040101,ST0401,NBH,KV1,2026-08-18-05,1787004000000,99.3,1.13,0.36,20.34,4.32,118,116,36,36,14.85,13.35,0.08,36,normal
CELL040101,ST0401,NBH,KV1,2026-08-18-06,1787007600000,99.67,1.28,0.32,23.04,3.84,137,135,39,39,25.6,24.06,0.11,78,normal
CELL040101,ST0401,NBH,KV1,2026-08-18-07,1787011200000,99.97,1.89,0.69,34.02,8.28,126,125,49,49,41.26,13.0,0.07,113,normal
CELL040101,ST0401,NBH,KV1,2026-08-18-08,1787014800000,99.46,1.54,0.39,27.72,4.68,212,206,40,36,41.38,27.35,0.12,96,normal
CELL040101,ST0401,NBH,KV1,2026-08-18-09,1787018400000,99.54,2.07,0.55,37.26,6.6,110,107,30,28,36.19,18.37,0.03,152,normal
CELL040101,ST0401,NBH,KV1,2026-08-18-10,1787022000000,99.73,1.33,0.46,23.94,5.52,175,173,42,38,40.11,26.25,0.15,135,normal
CELL040101,ST0401,NBH,KV1,2026-08-18-11,1787025600000,99.23,1.36,0.44,24.48,5.28,143,140,78,78,27.18,22.83,0.03,117,normal
CELL040101,ST0401,NBH,KV1,2026-08-18-12,1787029200000,99.7,1.31,0.45,23.58,5.4,198,192,40,37,42.97,23.16,0.06,125,normal
CELL040101,ST0401,NBH,KV1,2026-08-18-13,1787032800000,99.7,2.24,0.61,40.32,7.32,90,87,64,62,38.7,25.75,0.18,136,normal
CELL040101,ST0401,NBH,KV1,2026-08-18-14,1787036400000,99.78,1.88,0.54,33.84,6.48,115,112,73,69,41.84,16.8,0.1,52,normal
CELL040101,ST0401,NBH,KV1,2026-08-18-15,1787040000000,99.36,2.04,0.74,36.72,8.88,106,105,22,20,41.25,20.37,0.1,100,normal
CELL040101,ST0401,NBH,KV1,2026-08-18-16,1787043600000,99.45,1.86,0.62,33.48,7.44,184,178,58,56,33.46,21.24,0.16,155,normal
CELL040101,ST0401,NBH,KV1,2026-08-18-17,1787047200000,99.36,1.76,0.41,31.68,4.92,191,186,73,69,29.86,28.66,0.16,117,normal
CELL040101,ST0401,NBH,KV1,2026-08-18-18,1787050800000,99.49,3.82,1.03,68.76,12.36,188,186,40,38,58.7,18.35,0.08,44,normal
CELL040101,ST0401,NBH,KV1,2026-08-18-19,1787054400000,99.93,2.73,0.79,49.14,9.48,99,98,80,78,57.26,24.25,0.12,140,normal
CELL040101,ST0401,NBH,KV1,2026-08-18-20,1787058000000,99.94,3.15,0.83,56.7,9.96,210,207,87,85,48.91,29.58,0.18,133,normal
CELL040101,ST0401,NBH,KV1,2026-08-18-21,1787061600000,99.92,3.24,1.22,58.32,14.64,175,173,60,57,54.79,18.82,0.1,32,normal
CELL040101,ST0401,NBH,KV1,2026-08-18-22,1787065200000,99.85,2.89,0.86,52.02,10.32,147,146,30,26,62.24,24.06,0.14,112,normal
CELL040101,ST0401,NBH,KV1,2026-08-18-23,1787068800000,99.64,2.5,0.66,45.0,7.92,162,159,77,75,38.24,26.06,0.12,159,normal
CELL040101,ST0401,NBH,KV1,2026-08-19-00,1787072400000,99.27,1.05,0.25,18.9,3.0,153,152,47,47,20.58,13.07,0.16,73,normal
CELL040101,ST0401,NBH,KV1,2026-08-19-01,1787076000000,99.7,1.31,0.38,23.58,4.56,132,126,78,74,20.35,18.11,0.05,149,normal
CELL040101,ST0401,NBH,KV1,2026-08-19-02,1787079600000,99.38,1.41,0.41,25.38,4.92,177,176,35,31,14.49,25.56,0.02,88,normal
CELL040101,ST0401,NBH,KV1,2026-08-19-03,1787083200000,99.81,1.13,0.29,20.34,3.48,216,214,49,47,19.1,29.09,0.02,134,normal
CELL040101,ST0401,NBH,KV1,2026-08-19-04,1787086800000,99.33,0.91,0.27,16.38,3.24,98,95,84,84,21.58,22.84,0.09,76,normal
CELL040101,ST0401,NBH,KV1,2026-08-19-05,1787090400000,99.5,1.09,0.32,19.62,3.84,178,176,39,36,22.81,29.68,0.12,106,normal
CELL040101,ST0401,NBH,KV1,2026-08-19-06,1787094000000,99.23,1.16,0.26,20.88,3.12,202,198,87,86,26.57,25.77,0.14,70,normal
CELL040101,ST0401,NBH,KV1,2026-08-19-07,1787097600000,99.52,2.56,0.69,46.08,8.28,83,78,56,52,32.35,29.75,0.19,149,normal
CELL040101,ST0401,NBH,KV1,2026-08-19-08,1787101200000,99.4,1.65,0.47,29.7,5.64,158,152,52,50,33.49,19.24,0.17,68,normal
CELL040101,ST0401,NBH,KV1,2026-08-19-09,1787104800000,99.74,1.34,0.37,24.12,4.44,140,135,80,77,30.96,17.81,0.16,66,normal
CELL040101,ST0401,NBH,KV1,2026-08-19-10,1787108400000,99.37,1.4,0.49,25.2,5.88,113,110,21,18,34.27,28.58,0.16,48,normal
CELL040101,ST0401,NBH,KV1,2026-08-19-11,1787112000000,99.85,2.37,0.81,42.66,9.72,146,144,86,84,35.57,22.04,0.05,31,normal
CELL040101,ST0401,NBH,KV1,2026-08-19-12,1787115600000,99.73,1.75,0.59,31.5,7.08,174,171,44,42,42.47,20.55,0.1,84,normal
CELL040101,ST0401,NBH,KV1,2026-08-19-13,1787119200000,99.22,2.07,0.67,37.26,8.04,209,205,37,33,37.59,29.99,0.07,91,normal
CELL040101,ST0401,NBH,KV1,2026-08-19-14,1787122800000,99.31,1.5,0.36,27.0,4.32,91,89,21,19,28.94,24.97,0.02,67,normal
CELL040101,ST0401,NBH,KV1,2026-08-19-15,1787126400000,99.82,2.06,0.76,37.08,9.12,205,204,31,29,27.23,26.88,0.01,60,normal
CELL040101,ST0401,NBH,KV1,2026-08-19-16,1787130000000,99.29,2.38,0.62,42.84,7.44,149,148,79,77,37.45,28.94,0.01,53,normal
CELL040101,ST0401,NBH,KV1,2026-08-19-17,1787133600000,99.66,2.28,0.76,41.04,9.12,90,84,24,20,38.79,20.09,0.12,54,normal
CELL040101,ST0401,NBH,KV1,2026-08-19-18,1787137200000,99.26,3.22,0.78,57.96,9.36,214,208,42,41,50.19,13.95,0.17,31,normal
CELL040101,ST0401,NBH,KV1,2026-08-19-19,1787140800000,99.39,3.91,1.47,70.38,17.64,141,138,43,40,56.84,12.78,0.04,147,normal
CELL040101,ST0401,NBH,KV1,2026-08-19-20,1787144400000,99.74,3.19,1.03,57.42,12.36,79,77,70,66,54.03,12.82,0.13,129,normal
CELL040101,ST0401,NBH,KV1,2026-08-19-21,1787148000000,99.98,2.74,0.9,49.32,10.8,111,106,51,49,59.26,16.94,0.15,58,normal
CELL040101,ST0401,NBH,KV1,2026-08-19-22,1787151600000,99.93,2.61,0.72,46.98,8.64,71,68,28,24,53.92,16.71,0.2,126,normal
CELL040101,ST0401,NBH,KV1,2026-08-19-23,1787155200000,99.49,1.98,0.61,35.64,7.32,126,123,29,29,39.86,18.73,0.07,133,normal
CELL040101,ST0401,NBH,KV1,2026-08-20-00,1787158800000,99.28,1.09,0.34,19.62,4.08,148,147,62,58,22.53,27.5,0.2,49,normal
CELL040101,ST0401,NBH,KV1,2026-08-20-01,1787162400000,99.51,0.73,0.27,13.14,3.24,176,172,77,77,21.69,28.88,0.04,149,normal
CELL040101,ST0401,NBH,KV1,2026-08-20-02,1787166000000,99.96,0.9,0.27,16.2,3.24,210,204,48,45,17.14,29.07,0.16,53,normal
CELL040101,ST0401,NBH,KV1,2026-08-20-03,1787169600000,99.65,0.88,0.2,15.84,2.4,136,132,23,23,24.81,23.47,0.16,67,normal
CELL040101,ST0401,NBH,KV1,2026-08-20-04,1787173200000,99.92,1.39,0.44,25.02,5.28,122,116,52,48,23.48,25.12,0.01,158,normal
CELL040101,ST0401,NBH,KV1,2026-08-20-05,1787176800000,99.8,0.76,0.28,13.68,3.36,217,212,72,68,20.94,25.75,0.19,48,normal
CELL040101,ST0401,NBH,KV1,2026-08-20-06,1787180400000,99.93,1.34,0.42,24.12,5.04,131,125,65,61,15.7,25.64,0.05,48,normal
CELL040101,ST0401,NBH,KV1,2026-08-20-07,1787184000000,99.28,2.47,0.57,44.46,6.84,99,98,26,25,40.39,29.49,0.16,153,normal
CELL040101,ST0401,NBH,KV1,2026-08-20-08,1787187600000,99.61,1.69,0.37,30.42,4.44,168,165,42,41,39.31,19.61,0.06,86,normal
CELL040101,ST0401,NBH,KV1,2026-08-20-09,1787191200000,99.97,2.31,0.53,41.58,6.36,146,144,85,83,29.22,13.86,0.06,46,normal
CELL040101,ST0401,NBH,KV1,2026-08-20-10,1787194800000,99.84,1.88,0.7,33.84,8.4,121,120,87,87,37.7,15.96,0.08,39,normal
CELL040101,ST0401,NBH,KV1,2026-08-20-11,1787198400000,99.82,1.76,0.62,31.68,7.44,74,72,53,52,33.54,27.92,0.15,149,normal
CELL040101,ST0401,NBH,KV1,2026-08-20-12,1787202000000,99.2,1.82,0.44,32.76,5.28,108,107,60,60,42.39,18.55,0.12,144,normal
CELL040101,ST0401,NBH,KV1,2026-08-20-13,1787205600000,99.6,2.54,0.6,45.72,7.2,132,126,21,18,34.96,28.1,0.06,42,normal
CELL040101,ST0401,NBH,KV1,2026-08-20-14,1787209200000,99.58,2.54,0.84,45.72,10.08,216,211,32,28,33.32,14.34,0.18,156,normal
CELL040101,ST0401,NBH,KV1,2026-08-20-15,1787212800000,99.25,2.58,0.58,46.44,6.96,172,169,43,39,40.44,18.11,0.03,91,normal
CELL040101,ST0401,NBH,KV1,2026-08-20-16,1787216400000,99.31,1.8,0.44,32.4,5.28,125,120,50,50,42.21,27.16,0.02,79,normal
CELL040101,ST0401,NBH,KV1,2026-08-20-17,1787220000000,99.23,2.45,0.62,44.1,7.44,218,213,76,75,29.81,13.93,0.11,57,normal
CELL040101,ST0401,NBH,KV1,2026-08-20-18,1787223600000,99.23,3.48,1.21,62.64,14.52,217,211,27,26,53.73,18.13,0.02,96,normal
CELL040101,ST0401,NBH,KV1,2026-08-20-19,1787227200000,99.26,3.58,1.11,64.44,13.32,72,71,47,47,58.09,25.24,0.05,68,normal
CELL040101,ST0401,NBH,KV1,2026-08-20-20,1787230800000,99.95,2.88,0.69,51.84,8.28,127,126,71,70,51.76,28.72,0.17,114,normal
CELL040101,ST0401,NBH,KV1,2026-08-20-21,1787234400000,99.38,3.75,1.12,67.5,13.44,167,162,59,59,55.58,24.47,0.1,111,normal
CELL040101,ST0401,NBH,KV1,2026-08-20-22,1787238000000,99.45,3.36,1.14,60.48,13.68,200,196,25,25,59.61,23.25,0.13,112,normal
CELL040101,ST0401,NBH,KV1,2026-08-20-23,1787241600000,99.88,2.01,0.5,36.18,6.0,109,108,89,88,39.76,21.76,0.15,102,normal
CELL040102,ST0401,NBH,KV1,2026-08-18-00,1786986000000,99.56,1.2,0.38,21.6,4.56,209,203,35,35,11.7,13.43,0.14,114,normal
CELL040102,ST0401,NBH,KV1,2026-08-18-01,1786989600000,99.38,0.72,0.18,12.96,2.16,212,209,31,29,24.07,28.68,0.03,43,normal
CELL040102,ST0401,NBH,KV1,2026-08-18-02,1786993200000,99.45,1.39,0.47,25.02,5.64,97,94,49,46,12.71,29.91,0.15,41,normal
CELL040102,ST0401,NBH,KV1,2026-08-18-03,1786996800000,99.35,0.93,0.31,16.74,3.72,161,158,47,43,24.95,20.73,0.09,81,normal
CELL040102,ST0401,NBH,KV1,2026-08-18-04,1787000400000,99.89,0.9,0.26,16.2,3.12,196,194,35,33,16.15,29.15,0.1,84,normal
CELL040102,ST0401,NBH,KV1,2026-08-18-05,1787004000000,99.67,0.92,0.29,16.56,3.48,193,189,90,86,25.03,22.42,0.15,55,normal
CELL040102,ST0401,NBH,KV1,2026-08-18-06,1787007600000,99.39,1.12,0.29,20.16,3.48,97,92,38,38,17.01,24.58,0.15,114,normal
CELL040102,ST0401,NBH,KV1,2026-08-18-07,1787011200000,99.66,1.98,0.74,35.64,8.88,93,92,61,57,32.34,24.24,0.09,37,normal
CELL040102,ST0401,NBH,KV1,2026-08-18-08,1787014800000,99.52,2.54,0.6,45.72,7.2,126,124,34,30,41.29,28.05,0.12,100,normal
CELL040102,ST0401,NBH,KV1,2026-08-18-09,1787018400000,99.53,2.11,0.5,37.98,6.0,219,218,86,82,36.33,13.43,0.08,141,normal
CELL040102,ST0401,NBH,KV1,2026-08-18-10,1787022000000,99.24,2.59,0.65,46.62,7.8,106,102,24,23,38.64,29.71,0.11,138,normal
CELL040102,ST0401,NBH,KV1,2026-08-18-11,1787025600000,99.21,1.95,0.43,35.1,5.16,111,105,76,72,37.74,21.97,0.17,59,normal
CELL040102,ST0401,NBH,KV1,2026-08-18-12,1787029200000,99.25,1.87,0.61,33.66,7.32,206,204,55,53,33.3,27.58,0.09,122,normal
CELL040102,ST0401,NBH,KV1,2026-08-18-13,1787032800000,99.4,1.48,0.37,26.64,4.44,118,113,75,71,33.2,17.11,0.13,48,normal
CELL040102,ST0401,NBH,KV1,2026-08-18-14,1787036400000,99.35,1.46,0.4,26.28,4.8,148,146,36,32,41.92,15.06,0.1,157,normal
CELL040102,ST0401,NBH,KV1,2026-08-18-15,1787040000000,99.72,1.77,0.51,31.86,6.12,137,133,25,21,40.69,14.0,0.13,122,normal
CELL040102,ST0401,NBH,KV1,2026-08-18-16,1787043600000,99.37,2.13,0.73,38.34,8.76,89,84,39,36,32.62,21.71,0.08,100,normal
CELL040102,ST0401,NBH,KV1,2026-08-18-17,1787047200000,99.56,2.38,0.7,42.84,8.4,208,202,86,82,41.84,21.74,0.13,111,normal
CELL040102,ST0401,NBH,KV1,2026-08-18-18,1787050800000,99.32,2.05,0.53,36.9,6.36,143,140,82,81,56.02,20.88,0.02,129,normal
CELL040102,ST0401,NBH,KV1,2026-08-18-19,1787054400000,99.25,3.63,1.1,65.34,13.2,118,112,47,45,51.11,19.6,0.18,141,normal
CELL040102,ST0401,NBH,KV1,2026-08-18-20,1787058000000,99.68,2.43,0.68,43.74,8.16,122,116,67,67,58.53,12.21,0.09,93,normal
CELL040102,ST0401,NBH,KV1,2026-08-18-21,1787061600000,99.31,2.1,0.78,37.8,9.36,113,112,64,61,58.63,26.2,0.16,146,normal
CELL040102,ST0401,NBH,KV1,2026-08-18-22,1787065200000,99.62,2.53,0.63,45.54,7.56,198,192,23,23,61.0,18.56,0.12,153,normal
CELL040102,ST0401,NBH,KV1,2026-08-18-23,1787068800000,99.21,1.82,0.47,32.76,5.64,121,116,22,20,28.84,15.47,0.09,117,normal
CELL040102,ST0401,NBH,KV1,2026-08-19-00,1787072400000,99.58,1.38,0.44,24.84,5.28,133,129,48,44,26.26,26.91,0.18,72,normal
CELL040102,ST0401,NBH,KV1,2026-08-19-01,1787076000000,99.75,0.99,0.37,17.82,4.44,109,106,67,66,26.55,26.16,0.08,111,normal
CELL040102,ST0401,NBH,KV1,2026-08-19-02,1787079600000,99.91,0.94,0.29,16.92,3.48,152,149,78,77,21.34,27.82,0.16,153,normal
CELL040102,ST0401,NBH,KV1,2026-08-19-03,1787083200000,99.47,0.82,0.3,14.76,3.6,186,182,57,55,22.95,26.71,0.12,141,normal
CELL040102,ST0401,NBH,KV1,2026-08-19-04,1787086800000,99.64,1.06,0.31,19.08,3.72,220,218,83,83,12.88,18.99,0.13,52,normal
CELL040102,ST0401,NBH,KV1,2026-08-19-05,1787090400000,99.74,0.95,0.31,17.1,3.72,139,136,47,43,18.23,27.66,0.15,106,normal
CELL040102,ST0401,NBH,KV1,2026-08-19-06,1787094000000,99.43,1.27,0.37,22.86,4.44,212,209,79,78,26.89,13.25,0.14,111,normal
CELL040102,ST0401,NBH,KV1,2026-08-19-07,1787097600000,99.51,1.89,0.53,34.02,6.36,93,91,89,89,31.51,21.93,0.03,44,normal
CELL040102,ST0401,NBH,KV1,2026-08-19-08,1787101200000,99.57,2.46,0.82,44.28,9.84,121,115,33,31,39.36,16.58,0.07,133,normal
CELL040102,ST0401,NBH,KV1,2026-08-19-09,1787104800000,99.36,1.87,0.6,33.66,7.2,202,196,56,54,38.61,16.93,0.16,64,normal
CELL040102,ST0401,NBH,KV1,2026-08-19-10,1787108400000,99.91,1.87,0.45,33.66,5.4,119,116,72,69,35.09,16.7,0.07,125,normal
CELL040102,ST0401,NBH,KV1,2026-08-19-11,1787112000000,99.87,1.8,0.46,32.4,5.52,77,72,48,45,35.84,16.38,0.03,151,normal
CELL040102,ST0401,NBH,KV1,2026-08-19-12,1787115600000,99.4,1.55,0.59,27.9,7.08,107,102,66,63,36.36,27.07,0.09,77,normal
CELL040102,ST0401,NBH,KV1,2026-08-19-13,1787119200000,99.47,1.53,0.49,27.54,5.88,205,203,86,84,37.98,29.66,0.08,155,normal
CELL040102,ST0401,NBH,KV1,2026-08-19-14,1787122800000,99.65,2.43,0.82,43.74,9.84,100,98,68,68,33.77,21.62,0.06,67,normal
CELL040102,ST0401,NBH,KV1,2026-08-19-15,1787126400000,99.63,2.49,0.66,44.82,7.92,184,180,35,34,40.43,17.68,0.14,88,normal
CELL040102,ST0401,NBH,KV1,2026-08-19-16,1787130000000,99.7,2.55,0.84,45.9,10.08,119,118,53,53,36.32,12.75,0.12,117,normal
CELL040102,ST0401,NBH,KV1,2026-08-19-17,1787133600000,99.4,1.52,0.46,27.36,5.52,149,144,30,30,31.17,20.84,0.06,65,normal
CELL040102,ST0401,NBH,KV1,2026-08-19-18,1787137200000,99.56,2.69,0.95,48.42,11.4,124,121,73,72,53.96,16.5,0.09,63,normal
CELL040102,ST0401,NBH,KV1,2026-08-19-19,1787140800000,99.71,2.17,0.67,39.06,8.04,146,143,56,52,55.07,29.7,0.09,58,normal
CELL040102,ST0401,NBH,KV1,2026-08-19-20,1787144400000,99.24,2.08,0.63,37.44,7.56,173,167,41,38,59.27,18.32,0.18,83,normal
CELL040102,ST0401,NBH,KV1,2026-08-19-21,1787148000000,99.39,3.14,0.97,56.52,11.64,202,201,44,42,53.07,22.3,0.05,56,normal
CELL040102,ST0401,NBH,KV1,2026-08-19-22,1787151600000,99.83,3.04,0.69,54.72,8.28,109,104,59,56,55.47,14.1,0.16,50,normal
CELL040102,ST0401,NBH,KV1,2026-08-19-23,1787155200000,99.96,2.59,0.74,46.62,8.88,147,143,35,31,38.43,15.67,0.17,133,normal
CELL040102,ST0401,NBH,KV1,2026-08-20-00,1787158800000,99.82,0.81,0.26,14.58,3.12,104,100,52,52,13.41,28.05,0.17,88,normal
CELL040102,ST0401,NBH,KV1,2026-08-20-01,1787162400000,99.76,1.29,0.38,23.22,4.56,176,170,26,23,26.86,24.7,0.02,44,normal
CELL040102,ST0401,NBH,KV1,2026-08-20-02,1787166000000,99.89,0.89,0.25,16.02,3.0,179,174,53,49,19.16,25.07,0.14,65,normal
CELL040102,ST0401,NBH,KV1,2026-08-20-03,1787169600000,99.63,1.12,0.36,20.16,4.32,70,65,48,45,11.68,21.57,0.09,121,normal
CELL040102,ST0401,NBH,KV1,2026-08-20-04,1787173200000,99.69,1.01,0.34,18.18,4.08,182,177,56,53,21.1,27.79,0.07,39,normal
CELL040102,ST0401,NBH,KV1,2026-08-20-05,1787176800000,99.69,0.97,0.35,17.46,4.2,86,80,37,36,21.18,14.48,0.2,144,normal
CELL040102,ST0401,NBH,KV1,2026-08-20-06,1787180400000,99.28,1.09,0.4,19.62,4.8,126,121,63,62,26.67,19.48,0.16,47,normal
CELL040102,ST0401,NBH,KV1,2026-08-20-07,1787184000000,99.73,1.58,0.47,28.44,5.64,102,97,72,71,41.22,19.16,0.15,63,normal
CELL040102,ST0401,NBH,KV1,2026-08-20-08,1787187600000,99.47,1.34,0.31,24.12,3.72,109,104,72,70,36.94,17.93,0.07,130,normal
CELL040102,ST0401,NBH,KV1,2026-08-20-09,1787191200000,99.94,2.31,0.63,41.58,7.56,101,100,61,60,31.81,18.59,0.06,45,normal
CELL040102,ST0401,NBH,KV1,2026-08-20-10,1787194800000,99.67,2.36,0.61,42.48,7.32,168,162,66,66,36.51,12.38,0.05,78,normal
CELL040102,ST0401,NBH,KV1,2026-08-20-11,1787198400000,99.21,1.62,0.46,29.16,5.52,193,190,89,89,30.66,12.91,0.1,113,normal
CELL040102,ST0401,NBH,KV1,2026-08-20-12,1787202000000,99.84,1.65,0.51,29.7,6.12,220,219,56,55,30.76,17.73,0.15,95,normal
CELL040102,ST0401,NBH,KV1,2026-08-20-13,1787205600000,99.65,2.59,0.75,46.62,9.0,89,85,68,66,42.96,26.92,0.1,70,normal
CELL040102,ST0401,NBH,KV1,2026-08-20-14,1787209200000,99.23,2.12,0.57,38.16,6.84,84,83,56,55,34.05,17.58,0.12,31,normal
CELL040102,ST0401,NBH,KV1,2026-08-20-15,1787212800000,99.36,1.93,0.46,34.74,5.52,84,81,25,22,27.08,24.22,0.06,62,normal
CELL040102,ST0401,NBH,KV1,2026-08-20-16,1787216400000,99.99,2.0,0.54,36.0,6.48,211,205,90,86,29.32,12.68,0.03,36,normal
CELL040102,ST0401,NBH,KV1,2026-08-20-17,1787220000000,99.83,2.32,0.62,41.76,7.44,127,122,53,52,32.85,20.97,0.15,108,normal
CELL040102,ST0401,NBH,KV1,2026-08-20-18,1787223600000,99.34,2.99,0.78,53.82,9.36,93,92,76,73,59.92,23.25,0.03,116,normal
CELL040102,ST0401,NBH,KV1,2026-08-20-19,1787227200000,99.91,2.46,0.78,44.28,9.36,104,103,88,87,60.4,19.52,0.16,59,normal
CELL040102,ST0401,NBH,KV1,2026-08-20-20,1787230800000,99.73,3.56,1.04,64.08,12.48,166,162,26,24,57.62,17.27,0.18,63,normal
CELL040102,ST0401,NBH,KV1,2026-08-20-21,1787234400000,99.32,2.1,0.72,37.8,8.64,78,73,22,21,50.29,24.81,0.09,101,normal
CELL040102,ST0401,NBH,KV1,2026-08-20-22,1787238000000,99.93,2.21,0.54,39.78,6.48,129,127,89,87,46.58,18.85,0.07,132,normal
CELL040102,ST0401,NBH,KV1,2026-08-20-23,1787241600000,99.37,2.01,0.54,36.18,6.48,219,218,90,88,41.43,12.61,0.12,126,normal
CELL040201,ST0402,NBH,KV1,2026-08-18-00,1786986000000,99.98,1.1,0.36,19.8,4.32,217,213,51,48,21.47,13.57,0.19,108,normal
CELL040201,ST0402,NBH,KV1,2026-08-18-01,1786989600000,99.86,1.04,0.35,18.72,4.2,113,110,44,41,26.1,21.03,0.06,140,normal
CELL040201,ST0402,NBH,KV1,2026-08-18-02,1786993200000,99.36,1.27,0.34,22.86,4.08,141,138,49,48,17.61,14.65,0.1,37,normal
CELL040201,ST0402,NBH,KV1,2026-08-18-03,1786996800000,99.91,0.95,0.34,17.1,4.08,166,160,70,70,26.66,20.71,0.1,100,normal
CELL040201,ST0402,NBH,KV1,2026-08-18-04,1787000400000,99.61,1.2,0.32,21.6,3.84,87,81,56,52,20.46,28.9,0.09,34,normal
CELL040201,ST0402,NBH,KV1,2026-08-18-05,1787004000000,99.61,1.03,0.32,18.54,3.84,118,114,54,51,22.11,15.46,0.07,78,normal
CELL040201,ST0402,NBH,KV1,2026-08-18-06,1787007600000,99.32,0.74,0.17,13.32,2.04,183,180,58,54,14.78,20.73,0.18,149,normal
CELL040201,ST0402,NBH,KV1,2026-08-18-07,1787011200000,99.22,2.56,0.7,46.08,8.4,151,146,41,39,34.85,17.94,0.11,56,normal
CELL040201,ST0402,NBH,KV1,2026-08-18-08,1787014800000,99.81,2.49,0.94,44.82,11.28,166,163,86,86,32.48,17.44,0.09,149,normal
CELL040201,ST0402,NBH,KV1,2026-08-18-09,1787018400000,99.39,2.55,0.7,45.9,8.4,105,101,23,19,41.93,16.29,0.1,119,normal
CELL040201,ST0402,NBH,KV1,2026-08-18-10,1787022000000,99.71,2.43,0.69,43.74,8.28,135,129,24,23,28.59,16.37,0.18,103,normal
CELL040201,ST0402,NBH,KV1,2026-08-18-11,1787025600000,99.6,1.6,0.41,28.8,4.92,85,84,41,39,29.35,12.19,0.14,134,normal
CELL040201,ST0402,NBH,KV1,2026-08-18-12,1787029200000,99.46,2.01,0.59,36.18,7.08,112,106,44,40,29.39,27.06,0.07,67,normal
CELL040201,ST0402,NBH,KV1,2026-08-18-13,1787032800000,99.95,1.92,0.51,34.56,6.12,85,79,47,45,38.82,14.22,0.12,61,normal
CELL040201,ST0402,NBH,KV1,2026-08-18-14,1787036400000,99.48,2.43,0.92,43.74,11.04,181,177,62,59,41.02,13.03,0.2,87,normal
CELL040201,ST0402,NBH,KV1,2026-08-18-15,1787040000000,99.5,2.03,0.66,36.54,7.92,190,185,21,18,30.44,14.76,0.15,121,normal
CELL040201,ST0402,NBH,KV1,2026-08-18-16,1787043600000,99.39,1.51,0.5,27.18,6.0,196,194,83,80,29.8,15.29,0.06,153,normal
CELL040201,ST0402,NBH,KV1,2026-08-18-17,1787047200000,99.95,2.38,0.86,42.84,10.32,170,164,26,25,27.71,17.07,0.11,86,normal
CELL040201,ST0402,NBH,KV1,2026-08-18-18,1787050800000,99.4,3.76,1.37,67.68,16.44,187,182,87,83,59.82,25.86,0.04,147,normal
CELL040201,ST0402,NBH,KV1,2026-08-18-19,1787054400000,99.44,3.02,0.98,54.36,11.76,82,80,68,66,51.85,25.97,0.11,117,normal
CELL040201,ST0402,NBH,KV1,2026-08-18-20,1787058000000,99.81,3.38,0.93,60.84,11.16,79,78,84,80,52.58,24.4,0.19,110,normal
CELL040201,ST0402,NBH,KV1,2026-08-18-21,1787061600000,99.5,3.82,1.01,68.76,12.12,123,117,62,60,55.53,23.26,0.03,159,normal
CELL040201,ST0402,NBH,KV1,2026-08-18-22,1787065200000,99.31,2.1,0.76,37.8,9.12,180,174,49,45,48.2,21.66,0.04,95,normal
CELL040201,ST0402,NBH,KV1,2026-08-18-23,1787068800000,99.67,2.3,0.73,41.4,8.76,171,170,87,86,32.24,15.19,0.04,51,normal
CELL040201,ST0402,NBH,KV1,2026-08-19-00,1787072400000,99.89,0.84,0.31,15.12,3.72,95,93,27,24,25.04,17.98,0.08,134,normal
CELL040201,ST0402,NBH,KV1,2026-08-19-01,1787076000000,99.8,1.27,0.46,22.86,5.52,75,71,20,20,12.74,21.56,0.16,105,normal
CELL040201,ST0402,NBH,KV1,2026-08-19-02,1787079600000,99.85,1.43,0.49,25.74,5.88,156,153,62,58,21.73,15.41,0.12,112,normal
CELL040201,ST0402,NBH,KV1,2026-08-19-03,1787083200000,99.83,1.13,0.28,20.34,3.36,101,99,30,29,13.65,22.92,0.1,100,normal
CELL040201,ST0402,NBH,KV1,2026-08-19-04,1787086800000,99.26,1.16,0.39,20.88,4.68,131,126,52,52,24.48,25.38,0.04,73,normal
CELL040201,ST0402,NBH,KV1,2026-08-19-05,1787090400000,99.36,1.06,0.32,19.08,3.84,203,199,52,52,23.56,23.14,0.02,149,normal
CELL040201,ST0402,NBH,KV1,2026-08-19-06,1787094000000,99.22,0.74,0.21,13.32,2.52,71,68,71,69,17.97,16.56,0.19,141,normal
CELL040201,ST0402,NBH,KV1,2026-08-19-07,1787097600000,99.82,2.39,0.81,43.02,9.72,110,106,80,76,35.25,28.87,0.08,61,normal
CELL040201,ST0402,NBH,KV1,2026-08-19-08,1787101200000,99.76,2.43,0.65,43.74,7.8,153,148,87,84,37.09,21.61,0.15,111,normal
CELL040201,ST0402,NBH,KV1,2026-08-19-09,1787104800000,99.45,1.56,0.51,28.08,6.12,103,100,70,69,33.82,26.06,0.13,116,normal
CELL040201,ST0402,NBH,KV1,2026-08-19-10,1787108400000,99.73,1.69,0.62,30.42,7.44,77,74,81,80,37.95,21.25,0.09,52,normal
CELL040201,ST0402,NBH,KV1,2026-08-19-11,1787112000000,99.64,2.26,0.75,40.68,9.0,196,191,82,80,35.93,13.9,0.07,156,normal
CELL040201,ST0402,NBH,KV1,2026-08-19-12,1787115600000,99.55,2.03,0.55,36.54,6.6,169,165,51,50,27.32,19.95,0.07,143,normal
CELL040201,ST0402,NBH,KV1,2026-08-19-13,1787119200000,99.93,2.34,0.68,42.12,8.16,97,96,57,55,36.71,20.71,0.09,38,normal
CELL040201,ST0402,NBH,KV1,2026-08-19-14,1787122800000,99.3,1.84,0.46,33.12,5.52,109,105,68,64,27.05,27.56,0.02,160,normal
CELL040201,ST0402,NBH,KV1,2026-08-19-15,1787126400000,99.22,2.26,0.6,40.68,7.2,220,216,20,18,28.49,25.98,0.18,94,normal
CELL040201,ST0402,NBH,KV1,2026-08-19-16,1787130000000,99.76,1.88,0.66,33.84,7.92,124,123,21,17,38.03,26.2,0.07,102,normal
CELL040201,ST0402,NBH,KV1,2026-08-19-17,1787133600000,99.54,1.71,0.48,30.78,5.76,136,132,69,66,35.57,25.23,0.04,86,normal
CELL040201,ST0402,NBH,KV1,2026-08-19-18,1787137200000,99.89,3.47,0.99,62.46,11.88,89,88,51,50,51.98,13.23,0.14,78,normal
CELL040201,ST0402,NBH,KV1,2026-08-19-19,1787140800000,99.75,2.81,0.85,50.58,10.2,182,178,74,70,52.34,15.99,0.11,52,normal
CELL040201,ST0402,NBH,KV1,2026-08-19-20,1787144400000,99.29,3.48,0.97,62.64,11.64,179,177,53,51,61.3,28.96,0.01,56,normal
CELL040201,ST0402,NBH,KV1,2026-08-19-21,1787148000000,99.87,3.01,1.04,54.18,12.48,191,190,26,24,55.02,15.16,0.1,86,normal
CELL040201,ST0402,NBH,KV1,2026-08-19-22,1787151600000,99.72,3.22,0.93,57.96,11.16,81,76,90,88,55.7,12.07,0.13,55,normal
CELL040201,ST0402,NBH,KV1,2026-08-19-23,1787155200000,99.77,1.96,0.57,35.28,6.84,208,203,88,87,36.7,29.75,0.01,73,normal
CELL040201,ST0402,NBH,KV1,2026-08-20-00,1787158800000,99.49,1.36,0.4,24.48,4.8,102,96,81,78,14.83,20.9,0.1,61,normal
CELL040201,ST0402,NBH,KV1,2026-08-20-01,1787162400000,99.64,0.92,0.25,16.56,3.0,70,64,48,46,18.92,20.61,0.08,83,normal
CELL040201,ST0402,NBH,KV1,2026-08-20-02,1787166000000,99.65,0.87,0.3,15.66,3.6,199,193,29,29,21.0,15.85,0.03,141,normal
CELL040201,ST0402,NBH,KV1,2026-08-20-03,1787169600000,99.21,1.0,0.32,18.0,3.84,170,164,80,76,11.73,16.63,0.01,104,normal
CELL040201,ST0402,NBH,KV1,2026-08-20-04,1787173200000,99.54,1.04,0.37,18.72,4.44,214,213,21,21,19.93,22.75,0.02,144,normal
CELL040201,ST0402,NBH,KV1,2026-08-20-05,1787176800000,99.53,1.32,0.4,23.76,4.8,81,78,37,33,23.38,17.86,0.15,84,normal
CELL040201,ST0402,NBH,KV1,2026-08-20-06,1787180400000,99.21,0.97,0.28,17.46,3.36,134,129,44,40,24.42,21.55,0.07,108,normal
CELL040201,ST0402,NBH,KV1,2026-08-20-07,1787184000000,99.94,2.22,0.8,39.96,9.6,171,165,32,30,38.88,24.67,0.13,112,normal
CELL040201,ST0402,NBH,KV1,2026-08-20-08,1787187600000,99.69,1.34,0.37,24.12,4.44,108,105,67,66,33.57,17.58,0.16,61,normal
CELL040201,ST0402,NBH,KV1,2026-08-20-09,1787191200000,99.67,1.89,0.61,34.02,7.32,205,203,66,63,39.68,17.25,0.11,38,normal
CELL040201,ST0402,NBH,KV1,2026-08-20-10,1787194800000,99.75,1.57,0.35,28.26,4.2,147,144,25,24,42.72,18.87,0.1,51,normal
CELL040201,ST0402,NBH,KV1,2026-08-20-11,1787198400000,99.38,2.09,0.74,37.62,8.88,167,162,40,36,29.54,29.48,0.19,56,normal
CELL040201,ST0402,NBH,KV1,2026-08-20-12,1787202000000,99.77,2.31,0.79,41.58,9.48,135,132,54,53,27.71,12.93,0.14,49,normal
CELL040201,ST0402,NBH,KV1,2026-08-20-13,1787205600000,99.66,2.12,0.68,38.16,8.16,108,102,63,61,28.11,26.13,0.2,143,normal
CELL040201,ST0402,NBH,KV1,2026-08-20-14,1787209200000,99.42,2.22,0.54,39.96,6.48,133,131,71,69,42.89,18.46,0.15,83,normal
CELL040201,ST0402,NBH,KV1,2026-08-20-15,1787212800000,99.25,1.41,0.46,25.38,5.52,81,76,71,69,41.4,17.45,0.06,67,normal
CELL040201,ST0402,NBH,KV1,2026-08-20-16,1787216400000,99.79,2.45,0.86,44.1,10.32,198,197,75,74,36.43,12.06,0.14,94,normal
CELL040201,ST0402,NBH,KV1,2026-08-20-17,1787220000000,99.61,2.0,0.73,36.0,8.76,85,81,42,40,38.9,29.65,0.12,119,normal
CELL040201,ST0402,NBH,KV1,2026-08-20-18,1787223600000,99.84,2.1,0.74,37.8,8.88,92,89,85,81,54.92,26.6,0.14,98,normal
CELL040201,ST0402,NBH,KV1,2026-08-20-19,1787227200000,99.67,2.35,0.78,42.3,9.36,120,115,83,79,48.42,17.4,0.02,62,normal
CELL040201,ST0402,NBH,KV1,2026-08-20-20,1787230800000,99.96,2.18,0.71,39.24,8.52,147,143,81,78,57.48,21.38,0.14,46,normal
CELL040201,ST0402,NBH,KV1,2026-08-20-21,1787234400000,99.33,3.65,1.37,65.7,16.44,77,71,56,54,52.97,26.42,0.05,52,normal
CELL040201,ST0402,NBH,KV1,2026-08-20-22,1787238000000,99.27,3.13,1.07,56.34,12.84,76,73,66,62,61.85,18.06,0.16,114,normal
CELL040201,ST0402,NBH,KV1,2026-08-20-23,1787241600000,99.75,2.41,0.9,43.38,10.8,93,89,75,74,35.6,16.7,0.1,107,normal
CELL040202,ST0402,NBH,KV1,2026-08-18-00,1786986000000,99.69,1.19,0.27,21.42,3.24,209,203,75,75,23.83,15.7,0.02,85,normal
CELL040202,ST0402,NBH,KV1,2026-08-18-01,1786989600000,99.73,1.22,0.3,21.96,3.6,129,124,29,27,25.81,15.27,0.17,104,normal
CELL040202,ST0402,NBH,KV1,2026-08-18-02,1786993200000,99.42,0.76,0.28,13.68,3.36,182,180,52,50,25.46,24.31,0.2,68,normal
CELL040202,ST0402,NBH,KV1,2026-08-18-03,1786996800000,99.77,1.39,0.52,25.02,6.24,179,173,26,26,18.82,23.77,0.13,39,normal
CELL040202,ST0402,NBH,KV1,2026-08-18-04,1787000400000,99.26,1.02,0.36,18.36,4.32,120,117,36,35,13.86,15.86,0.01,117,normal
CELL040202,ST0402,NBH,KV1,2026-08-18-05,1787004000000,99.82,1.41,0.32,25.38,3.84,107,106,66,64,18.83,27.34,0.08,134,normal
CELL040202,ST0402,NBH,KV1,2026-08-18-06,1787007600000,99.6,0.74,0.25,13.32,3.0,117,111,73,73,11.29,27.35,0.06,133,normal
CELL040202,ST0402,NBH,KV1,2026-08-18-07,1787011200000,99.58,1.92,0.55,34.56,6.6,76,75,38,37,34.73,14.47,0.16,120,normal
CELL040202,ST0402,NBH,KV1,2026-08-18-08,1787014800000,99.73,1.65,0.44,29.7,5.28,135,131,33,29,40.05,26.95,0.1,138,normal
CELL040202,ST0402,NBH,KV1,2026-08-18-09,1787018400000,99.57,1.8,0.51,32.4,6.12,108,102,90,88,38.14,12.44,0.12,129,normal
CELL040202,ST0402,NBH,KV1,2026-08-18-10,1787022000000,99.42,1.56,0.55,28.08,6.6,133,131,52,50,36.06,26.39,0.03,156,normal
CELL040202,ST0402,NBH,KV1,2026-08-18-11,1787025600000,99.35,1.79,0.52,32.22,6.24,97,95,72,68,38.2,13.02,0.05,49,normal
CELL040202,ST0402,NBH,KV1,2026-08-18-12,1787029200000,99.81,2.45,0.83,44.1,9.96,92,89,39,37,33.81,12.94,0.18,86,normal
CELL040202,ST0402,NBH,KV1,2026-08-18-13,1787032800000,99.33,2.37,0.76,42.66,9.12,217,214,81,78,27.28,24.47,0.09,60,normal
CELL040202,ST0402,NBH,KV1,2026-08-18-14,1787036400000,99.77,1.94,0.64,34.92,7.68,109,104,33,33,29.1,19.73,0.16,160,normal
CELL040202,ST0402,NBH,KV1,2026-08-18-15,1787040000000,99.33,2.07,0.49,37.26,5.88,131,128,47,46,32.33,12.31,0.09,35,normal
CELL040202,ST0402,NBH,KV1,2026-08-18-16,1787043600000,99.29,1.66,0.38,29.88,4.56,77,75,46,46,38.29,26.82,0.06,150,normal
CELL040202,ST0402,NBH,KV1,2026-08-18-17,1787047200000,99.45,2.57,0.71,46.26,8.52,170,164,40,40,29.83,23.22,0.02,45,normal
CELL040202,ST0402,NBH,KV1,2026-08-18-18,1787050800000,99.63,3.06,0.77,55.08,9.24,144,138,39,36,48.64,14.54,0.14,62,normal
CELL040202,ST0402,NBH,KV1,2026-08-18-19,1787054400000,99.71,3.23,0.89,58.14,10.68,133,130,26,23,57.19,14.42,0.03,44,normal
CELL040202,ST0402,NBH,KV1,2026-08-18-20,1787058000000,99.54,2.79,0.74,50.22,8.88,190,186,49,45,48.15,24.12,0.11,106,normal
CELL040202,ST0402,NBH,KV1,2026-08-18-21,1787061600000,99.25,2.36,0.88,42.48,10.56,137,131,49,45,57.8,14.04,0.17,60,normal
CELL040202,ST0402,NBH,KV1,2026-08-18-22,1787065200000,99.57,3.69,0.85,66.42,10.2,194,191,21,19,55.87,22.78,0.11,144,normal
CELL040202,ST0402,NBH,KV1,2026-08-18-23,1787068800000,99.4,1.32,0.45,23.76,5.4,96,91,26,24,40.94,25.41,0.06,117,normal
CELL040202,ST0402,NBH,KV1,2026-08-19-00,1787072400000,99.43,1.18,0.42,21.24,5.04,211,208,73,72,22.14,20.82,0.15,49,normal
CELL040202,ST0402,NBH,KV1,2026-08-19-01,1787076000000,99.41,1.39,0.51,25.02,6.12,209,206,88,84,25.14,29.94,0.19,81,normal
CELL040202,ST0402,NBH,KV1,2026-08-19-02,1787079600000,99.66,0.99,0.26,17.82,3.12,74,70,67,65,11.85,22.1,0.05,129,normal
CELL040202,ST0402,NBH,KV1,2026-08-19-03,1787083200000,99.4,1.06,0.35,19.08,4.2,185,183,22,22,25.98,24.27,0.02,84,normal
CELL040202,ST0402,NBH,KV1,2026-08-19-04,1787086800000,99.38,0.73,0.19,13.14,2.28,93,88,53,49,18.39,28.67,0.12,132,normal
CELL040202,ST0402,NBH,KV1,2026-08-19-05,1787090400000,99.78,1.06,0.36,19.08,4.32,215,212,34,33,21.06,12.07,0.19,75,normal
CELL040202,ST0402,NBH,KV1,2026-08-19-06,1787094000000,99.95,1.16,0.28,20.88,3.36,205,202,46,44,16.03,27.51,0.14,60,normal
CELL040202,ST0402,NBH,KV1,2026-08-19-07,1787097600000,99.21,1.67,0.59,30.06,7.08,143,138,64,63,38.19,14.82,0.15,102,normal
CELL040202,ST0402,NBH,KV1,2026-08-19-08,1787101200000,99.89,1.88,0.62,33.84,7.44,191,187,49,48,40.57,14.66,0.18,70,normal
CELL040202,ST0402,NBH,KV1,2026-08-19-09,1787104800000,99.66,1.68,0.56,30.24,6.72,193,189,65,64,30.32,27.68,0.07,126,normal
CELL040202,ST0402,NBH,KV1,2026-08-19-10,1787108400000,99.55,1.75,0.48,31.5,5.76,180,174,64,63,31.31,29.77,0.07,100,normal
CELL040202,ST0402,NBH,KV1,2026-08-19-11,1787112000000,99.42,1.38,0.45,24.84,5.4,205,200,31,28,41.5,21.85,0.1,149,normal
CELL040202,ST0402,NBH,KV1,2026-08-19-12,1787115600000,99.87,1.97,0.71,35.46,8.52,74,68,74,71,40.9,26.3,0.16,99,normal
CELL040202,ST0402,NBH,KV1,2026-08-19-13,1787119200000,99.96,2.02,0.55,36.36,6.6,137,133,24,21,27.64,12.52,0.19,38,normal
CELL040202,ST0402,NBH,KV1,2026-08-19-14,1787122800000,99.63,1.98,0.69,35.64,8.28,111,109,75,75,34.65,12.91,0.1,128,normal
CELL040202,ST0402,NBH,KV1,2026-08-19-15,1787126400000,99.94,2.44,0.66,43.92,7.92,85,79,62,62,36.17,16.33,0.15,72,normal
CELL040202,ST0402,NBH,KV1,2026-08-19-16,1787130000000,99.91,1.47,0.5,26.46,6.0,184,179,36,33,28.41,15.46,0.15,53,normal
CELL040202,ST0402,NBH,KV1,2026-08-19-17,1787133600000,99.97,1.35,0.34,24.3,4.08,191,186,23,22,29.68,22.1,0.06,156,normal
CELL040202,ST0402,NBH,KV1,2026-08-19-18,1787137200000,99.42,3.1,1.02,55.8,12.24,197,194,60,58,52.53,16.84,0.12,125,normal
CELL040202,ST0402,NBH,KV1,2026-08-19-19,1787140800000,99.52,2.25,0.59,40.5,7.08,133,129,51,49,52.5,15.32,0.15,56,normal
CELL040202,ST0402,NBH,KV1,2026-08-19-20,1787144400000,99.46,3.0,0.75,54.0,9.0,92,91,27,23,53.66,25.73,0.17,99,normal
CELL040202,ST0402,NBH,KV1,2026-08-19-21,1787148000000,99.25,2.44,0.87,43.92,10.44,112,109,62,59,60.37,19.09,0.02,72,normal
CELL040202,ST0402,NBH,KV1,2026-08-19-22,1787151600000,99.57,2.24,0.61,40.32,7.32,199,194,61,60,59.84,23.25,0.05,68,normal
CELL040202,ST0402,NBH,KV1,2026-08-19-23,1787155200000,99.51,1.85,0.48,33.3,5.76,71,66,39,36,28.46,28.22,0.12,112,normal
CELL040202,ST0402,NBH,KV1,2026-08-20-00,1787158800000,99.72,1.29,0.43,23.22,5.16,107,103,43,41,11.58,28.64,0.1,143,normal
CELL040202,ST0402,NBH,KV1,2026-08-20-01,1787162400000,99.42,1.39,0.47,25.02,5.64,204,201,54,50,19.82,12.07,0.14,86,normal
CELL040202,ST0402,NBH,KV1,2026-08-20-02,1787166000000,99.21,1.31,0.45,23.58,5.4,203,199,56,55,25.7,12.01,0.08,140,normal
CELL040202,ST0402,NBH,KV1,2026-08-20-03,1787169600000,99.24,0.98,0.24,17.64,2.88,208,203,43,42,14.68,13.66,0.04,83,normal
CELL040202,ST0402,NBH,KV1,2026-08-20-04,1787173200000,99.44,1.39,0.49,25.02,5.88,218,212,49,48,12.21,24.63,0.05,134,normal
CELL040202,ST0402,NBH,KV1,2026-08-20-05,1787176800000,99.66,1.31,0.39,23.58,4.68,121,117,30,27,16.08,23.01,0.15,139,normal
CELL040202,ST0402,NBH,KV1,2026-08-20-06,1787180400000,99.89,1.33,0.42,23.94,5.04,141,135,62,60,20.28,14.76,0.15,156,normal
CELL040202,ST0402,NBH,KV1,2026-08-20-07,1787184000000,99.7,2.25,0.7,40.5,8.4,207,202,32,29,27.24,24.33,0.2,41,normal
CELL040202,ST0402,NBH,KV1,2026-08-20-08,1787187600000,99.35,1.4,0.37,25.2,4.44,213,207,31,29,31.43,28.15,0.2,150,normal
CELL040202,ST0402,NBH,KV1,2026-08-20-09,1787191200000,100.0,2.29,0.58,41.22,6.96,215,211,68,66,37.21,18.52,0.17,104,normal
CELL040202,ST0402,NBH,KV1,2026-08-20-10,1787194800000,99.35,2.4,0.75,43.2,9.0,110,109,68,64,29.39,12.9,0.11,147,normal
CELL040202,ST0402,NBH,KV1,2026-08-20-11,1787198400000,99.95,1.43,0.54,25.74,6.48,160,155,82,82,41.88,22.65,0.13,85,normal
CELL040202,ST0402,NBH,KV1,2026-08-20-12,1787202000000,99.66,1.5,0.51,27.0,6.12,104,99,64,64,30.97,24.62,0.17,136,normal
CELL040202,ST0402,NBH,KV1,2026-08-20-13,1787205600000,99.73,2.45,0.87,44.1,10.44,207,204,68,64,38.02,12.53,0.14,88,normal
CELL040202,ST0402,NBH,KV1,2026-08-20-14,1787209200000,99.37,1.79,0.67,32.22,8.04,201,198,42,40,34.23,18.92,0.08,119,normal
CELL040202,ST0402,NBH,KV1,2026-08-20-15,1787212800000,99.66,2.0,0.54,36.0,6.48,143,141,90,87,31.22,17.57,0.19,131,normal
CELL040202,ST0402,NBH,KV1,2026-08-20-16,1787216400000,99.74,1.65,0.58,29.7,6.96,154,152,50,50,29.21,14.39,0.06,95,normal
CELL040202,ST0402,NBH,KV1,2026-08-20-17,1787220000000,99.95,2.05,0.64,36.9,7.68,76,74,71,68,37.78,30.0,0.08,96,normal
CELL040202,ST0402,NBH,KV1,2026-08-20-18,1787223600000,99.34,2.79,0.93,50.22,11.16,160,159,62,59,49.28,23.27,0.09,133,normal
CELL040202,ST0402,NBH,KV1,2026-08-20-19,1787227200000,99.87,3.44,0.8,61.92,9.6,187,184,68,68,53.73,21.45,0.03,141,normal
CELL040202,ST0402,NBH,KV1,2026-08-20-20,1787230800000,99.38,3.32,1.16,59.76,13.92,74,73,82,78,55.03,19.57,0.03,130,normal
CELL040202,ST0402,NBH,KV1,2026-08-20-21,1787234400000,99.71,2.62,0.83,47.16,9.96,80,74,72,70,58.89,15.74,0.15,122,normal
CELL040202,ST0402,NBH,KV1,2026-08-20-22,1787238000000,99.74,3.02,0.92,54.36,11.04,117,115,50,47,54.25,24.12,0.11,59,normal
CELL040202,ST0402,NBH,KV1,2026-08-20-23,1787241600000,99.59,1.66,0.5,29.88,6.0,174,169,87,85,35.62,12.81,0.1,34,normal
CELL050101,ST0501,HCM,KV3,2026-08-18-00,1786986000000,99.38,0.79,0.26,14.22,3.12,147,143,36,32,16.05,27.14,0.2,42,normal
CELL050101,ST0501,HCM,KV3,2026-08-18-01,1786989600000,99.7,1.09,0.4,19.62,4.8,74,71,47,47,15.52,26.23,0.17,153,normal
CELL050101,ST0501,HCM,KV3,2026-08-18-02,1786993200000,99.43,1.34,0.33,24.12,3.96,161,157,21,17,23.46,26.27,0.12,113,normal
CELL050101,ST0501,HCM,KV3,2026-08-18-03,1786996800000,99.63,1.16,0.42,20.88,5.04,70,64,80,80,22.75,29.94,0.11,43,normal
CELL050101,ST0501,HCM,KV3,2026-08-18-04,1787000400000,99.56,0.88,0.32,15.84,3.84,135,133,32,31,22.76,24.21,0.13,72,normal
CELL050101,ST0501,HCM,KV3,2026-08-18-05,1787004000000,99.72,1.07,0.31,19.26,3.72,134,131,79,77,13.37,21.69,0.03,51,normal
CELL050101,ST0501,HCM,KV3,2026-08-18-06,1787007600000,99.88,1.09,0.37,19.62,4.44,114,112,78,76,18.56,16.66,0.08,42,normal
CELL050101,ST0501,HCM,KV3,2026-08-18-07,1787011200000,99.82,2.24,0.51,40.32,6.12,192,189,70,70,35.86,26.63,0.13,110,normal
CELL050101,ST0501,HCM,KV3,2026-08-18-08,1787014800000,99.43,2.55,0.78,45.9,9.36,214,208,63,59,38.22,22.72,0.14,32,normal
CELL050101,ST0501,HCM,KV3,2026-08-18-09,1787018400000,99.21,1.49,0.56,26.82,6.72,119,115,82,79,40.49,14.85,0.11,48,normal
CELL050101,ST0501,HCM,KV3,2026-08-18-10,1787022000000,99.84,1.54,0.45,27.72,5.4,217,213,79,79,41.75,26.68,0.05,118,normal
CELL050101,ST0501,HCM,KV3,2026-08-18-11,1787025600000,99.45,1.58,0.41,28.44,4.92,126,121,76,73,40.0,24.77,0.07,100,normal
CELL050101,ST0501,HCM,KV3,2026-08-18-12,1787029200000,99.33,2.33,0.57,41.94,6.84,169,163,70,70,30.84,29.74,0.15,79,normal
CELL050101,ST0501,HCM,KV3,2026-08-18-13,1787032800000,99.82,1.94,0.46,34.92,5.52,91,89,88,84,28.25,14.28,0.08,145,normal
CELL050101,ST0501,HCM,KV3,2026-08-18-14,1787036400000,99.68,2.12,0.56,38.16,6.72,168,165,65,62,28.51,28.18,0.12,119,normal
CELL050101,ST0501,HCM,KV3,2026-08-18-15,1787040000000,99.91,1.96,0.66,35.28,7.92,105,99,65,64,39.0,16.15,0.06,65,normal
CELL050101,ST0501,HCM,KV3,2026-08-18-16,1787043600000,99.73,2.32,0.83,41.76,9.96,145,141,87,87,33.16,29.28,0.08,82,normal
CELL050101,ST0501,HCM,KV3,2026-08-18-17,1787047200000,99.76,1.77,0.63,31.86,7.56,107,101,31,29,31.98,17.16,0.08,83,normal
CELL050101,ST0501,HCM,KV3,2026-08-18-18,1787050800000,99.45,3.69,1.14,66.42,13.68,72,70,50,47,51.93,16.25,0.08,152,normal
CELL050101,ST0501,HCM,KV3,2026-08-18-19,1787054400000,99.31,2.8,0.81,50.4,9.72,186,182,47,46,50.09,14.11,0.19,150,normal
CELL050101,ST0501,HCM,KV3,2026-08-18-20,1787058000000,99.89,3.99,1.44,71.82,17.28,139,135,88,84,47.13,28.25,0.1,66,normal
CELL050101,ST0501,HCM,KV3,2026-08-18-21,1787061600000,99.75,3.25,1.19,58.5,14.28,202,198,67,67,46.81,14.99,0.2,100,normal
CELL050101,ST0501,HCM,KV3,2026-08-18-22,1787065200000,99.41,3.29,1.02,59.22,12.24,190,186,27,23,55.28,25.34,0.19,98,normal
CELL050101,ST0501,HCM,KV3,2026-08-18-23,1787068800000,99.61,2.16,0.64,38.88,7.68,96,92,42,42,29.7,24.23,0.12,41,normal
CELL050101,ST0501,HCM,KV3,2026-08-19-00,1787072400000,99.83,1.2,0.39,21.6,4.68,186,183,72,68,11.51,20.15,0.07,111,normal
CELL050101,ST0501,HCM,KV3,2026-08-19-01,1787076000000,99.97,1.23,0.43,22.14,5.16,200,199,59,56,19.75,15.6,0.12,135,normal
CELL050101,ST0501,HCM,KV3,2026-08-19-02,1787079600000,99.37,1.22,0.33,21.96,3.96,211,210,70,66,22.71,20.25,0.08,151,normal
CELL050101,ST0501,HCM,KV3,2026-08-19-03,1787083200000,99.74,0.78,0.22,14.04,2.64,112,111,81,81,13.31,12.69,0.03,32,normal
CELL050101,ST0501,HCM,KV3,2026-08-19-04,1787086800000,99.75,1.42,0.49,25.56,5.88,84,81,44,44,24.69,27.89,0.14,90,normal
CELL050101,ST0501,HCM,KV3,2026-08-19-05,1787090400000,99.25,1.17,0.43,21.06,5.16,131,127,59,56,19.19,17.13,0.13,148,normal
CELL050101,ST0501,HCM,KV3,2026-08-19-06,1787094000000,99.27,0.84,0.22,15.12,2.64,179,173,33,32,19.58,27.45,0.19,69,normal
CELL050101,ST0501,HCM,KV3,2026-08-19-07,1787097600000,99.69,2.08,0.74,37.44,8.88,121,120,55,52,35.17,22.91,0.11,119,normal
CELL050101,ST0501,HCM,KV3,2026-08-19-08,1787101200000,99.23,1.44,0.51,25.92,6.12,118,115,53,50,29.42,26.93,0.19,160,normal
CELL050101,ST0501,HCM,KV3,2026-08-19-09,1787104800000,99.34,1.42,0.53,25.56,6.36,115,114,32,28,36.64,18.14,0.12,148,normal
CELL050101,ST0501,HCM,KV3,2026-08-19-10,1787108400000,99.29,1.31,0.31,23.58,3.72,140,139,67,66,27.84,22.27,0.2,134,normal
CELL050101,ST0501,HCM,KV3,2026-08-19-11,1787112000000,99.26,2.46,0.63,44.28,7.56,90,88,53,49,39.91,24.66,0.04,137,normal
CELL050101,ST0501,HCM,KV3,2026-08-19-12,1787115600000,99.34,2.12,0.7,38.16,8.4,121,117,76,74,41.91,23.99,0.11,131,normal
CELL050101,ST0501,HCM,KV3,2026-08-19-13,1787119200000,99.89,2.44,0.69,43.92,8.28,129,127,61,59,36.81,20.86,0.05,57,normal
CELL050101,ST0501,HCM,KV3,2026-08-19-14,1787122800000,99.7,1.82,0.48,32.76,5.76,184,183,26,22,38.54,28.98,0.12,42,normal
CELL050101,ST0501,HCM,KV3,2026-08-19-15,1787126400000,99.57,1.81,0.56,32.58,6.72,126,120,51,49,39.18,26.06,0.09,94,normal
CELL050101,ST0501,HCM,KV3,2026-08-19-16,1787130000000,99.83,1.94,0.72,34.92,8.64,213,212,86,83,35.33,21.64,0.11,60,normal
CELL050101,ST0501,HCM,KV3,2026-08-19-17,1787133600000,99.28,1.64,0.4,29.52,4.8,113,110,30,29,38.52,14.35,0.09,85,normal
CELL050101,ST0501,HCM,KV3,2026-08-19-18,1787137200000,99.85,3.74,1.34,67.32,16.08,181,179,63,60,56.1,18.4,0.19,131,normal
CELL050101,ST0501,HCM,KV3,2026-08-19-19,1787140800000,99.43,2.95,0.68,53.1,8.16,170,166,44,44,47.99,16.2,0.18,132,normal
CELL050101,ST0501,HCM,KV3,2026-08-19-20,1787144400000,99.78,2.53,0.91,45.54,10.92,114,109,65,61,53.15,12.78,0.17,57,normal
CELL050101,ST0501,HCM,KV3,2026-08-19-21,1787148000000,99.62,3.44,1.14,61.92,13.68,96,94,50,48,48.53,28.2,0.13,126,normal
CELL050101,ST0501,HCM,KV3,2026-08-19-22,1787151600000,99.58,2.77,0.63,49.86,7.56,74,73,61,58,47.88,13.31,0.12,125,normal
CELL050101,ST0501,HCM,KV3,2026-08-19-23,1787155200000,99.55,1.49,0.38,26.82,4.56,167,163,23,19,29.61,12.34,0.07,86,normal
CELL050101,ST0501,HCM,KV3,2026-08-20-00,1787158800000,99.73,1.2,0.3,21.6,3.6,76,72,39,39,22.64,12.07,0.11,94,normal
CELL050101,ST0501,HCM,KV3,2026-08-20-01,1787162400000,99.48,0.85,0.29,15.3,3.48,206,200,65,65,11.55,25.72,0.17,64,normal
CELL050101,ST0501,HCM,KV3,2026-08-20-02,1787166000000,99.26,1.12,0.29,20.16,3.48,181,176,89,87,19.11,26.21,0.13,151,normal
CELL050101,ST0501,HCM,KV3,2026-08-20-03,1787169600000,99.55,1.18,0.32,21.24,3.84,159,155,47,43,22.83,29.89,0.04,60,normal
CELL050101,ST0501,HCM,KV3,2026-08-20-04,1787173200000,99.39,1.3,0.4,23.4,4.8,211,208,44,41,22.8,14.78,0.03,74,normal
CELL050101,ST0501,HCM,KV3,2026-08-20-05,1787176800000,99.74,1.09,0.41,19.62,4.92,174,170,78,78,18.44,16.21,0.02,135,normal
CELL050101,ST0501,HCM,KV3,2026-08-20-06,1787180400000,99.45,0.74,0.2,13.32,2.4,114,113,28,28,26.4,21.89,0.06,48,normal
CELL050101,ST0501,HCM,KV3,2026-08-20-07,1787184000000,99.55,1.7,0.61,30.6,7.32,219,214,68,67,32.05,23.73,0.12,159,normal
CELL050101,ST0501,HCM,KV3,2026-08-20-08,1787187600000,99.88,2.07,0.74,37.26,8.88,165,160,72,70,40.62,14.59,0.02,65,normal
CELL050101,ST0501,HCM,KV3,2026-08-20-09,1787191200000,99.36,1.48,0.39,26.64,4.68,219,218,34,31,31.72,29.04,0.09,107,normal
CELL050101,ST0501,HCM,KV3,2026-08-20-10,1787194800000,99.26,1.59,0.41,28.62,4.92,132,127,44,40,29.47,27.18,0.05,119,normal
CELL050101,ST0501,HCM,KV3,2026-08-20-11,1787198400000,99.91,1.32,0.42,23.76,5.04,123,118,65,61,32.43,16.57,0.1,152,normal
CELL050101,ST0501,HCM,KV3,2026-08-20-12,1787202000000,99.29,1.36,0.49,24.48,5.88,195,191,41,39,41.42,24.85,0.2,85,normal
CELL050101,ST0501,HCM,KV3,2026-08-20-13,1787205600000,99.79,1.72,0.41,30.96,4.92,79,75,87,83,27.22,19.88,0.01,132,normal
CELL050101,ST0501,HCM,KV3,2026-08-20-14,1787209200000,99.76,1.61,0.36,28.98,4.32,138,135,64,60,42.42,27.6,0.04,152,normal
CELL050101,ST0501,HCM,KV3,2026-08-20-15,1787212800000,99.38,2.49,0.71,44.82,8.52,160,159,54,52,27.5,21.9,0.1,160,normal
CELL050101,ST0501,HCM,KV3,2026-08-20-16,1787216400000,100.0,2.35,0.59,42.3,7.08,158,155,42,41,35.77,18.78,0.08,89,normal
CELL050101,ST0501,HCM,KV3,2026-08-20-17,1787220000000,99.28,2.33,0.62,41.94,7.44,76,75,89,85,35.51,23.18,0.07,110,normal
CELL050101,ST0501,HCM,KV3,2026-08-20-18,1787223600000,99.52,3.16,0.79,56.88,9.48,212,207,34,33,46.27,26.38,0.18,153,normal
CELL050101,ST0501,HCM,KV3,2026-08-20-19,1787227200000,99.74,3.74,1.12,67.32,13.44,133,132,61,60,48.22,25.84,0.15,146,normal
CELL050101,ST0501,HCM,KV3,2026-08-20-20,1787230800000,99.93,3.98,1.31,71.64,15.72,210,208,42,40,50.74,16.52,0.1,57,normal
CELL050101,ST0501,HCM,KV3,2026-08-20-21,1787234400000,99.68,2.26,0.72,40.68,8.64,194,190,21,19,60.1,13.96,0.1,101,normal
CELL050101,ST0501,HCM,KV3,2026-08-20-22,1787238000000,99.23,3.06,0.96,55.08,11.52,148,145,55,55,55.87,15.44,0.09,76,normal
CELL050101,ST0501,HCM,KV3,2026-08-20-23,1787241600000,99.68,1.7,0.58,30.6,6.96,145,143,58,56,41.05,19.4,0.01,146,normal
CELL050102,ST0501,HCM,KV3,2026-08-18-00,1786986000000,99.52,0.77,0.27,13.86,3.24,178,173,29,26,22.42,16.5,0.2,160,normal
CELL050102,ST0501,HCM,KV3,2026-08-18-01,1786989600000,99.23,0.88,0.2,15.84,2.4,152,151,50,46,23.49,14.23,0.08,59,normal
CELL050102,ST0501,HCM,KV3,2026-08-18-02,1786993200000,99.58,1.36,0.47,24.48,5.64,210,206,59,55,22.53,27.25,0.14,122,normal
CELL050102,ST0501,HCM,KV3,2026-08-18-03,1786996800000,99.65,1.42,0.35,25.56,4.2,122,117,70,68,12.11,27.59,0.1,122,normal
CELL050102,ST0501,HCM,KV3,2026-08-18-04,1787000400000,99.35,1.07,0.36,19.26,4.32,218,214,50,48,23.78,23.1,0.15,142,normal
CELL050102,ST0501,HCM,KV3,2026-08-18-05,1787004000000,99.52,0.75,0.27,13.5,3.24,219,213,43,39,14.48,29.0,0.08,155,normal
CELL050102,ST0501,HCM,KV3,2026-08-18-06,1787007600000,99.96,1.15,0.29,20.7,3.48,184,183,27,26,12.53,22.74,0.02,62,normal
CELL050102,ST0501,HCM,KV3,2026-08-18-07,1787011200000,99.35,1.72,0.5,30.96,6.0,215,214,45,41,37.7,16.23,0.17,148,normal
CELL050102,ST0501,HCM,KV3,2026-08-18-08,1787014800000,99.45,2.33,0.79,41.94,9.48,109,103,75,72,41.92,26.46,0.07,49,normal
CELL050102,ST0501,HCM,KV3,2026-08-18-09,1787018400000,99.78,2.49,0.91,44.82,10.92,145,141,58,55,31.07,19.41,0.06,69,normal
CELL050102,ST0501,HCM,KV3,2026-08-18-10,1787022000000,99.62,2.28,0.72,41.04,8.64,201,197,77,76,38.21,23.12,0.14,135,normal
CELL050102,ST0501,HCM,KV3,2026-08-18-11,1787025600000,99.7,1.5,0.55,27.0,6.6,111,105,32,31,34.12,23.8,0.05,132,normal
CELL050102,ST0501,HCM,KV3,2026-08-18-12,1787029200000,99.4,2.15,0.77,38.7,9.24,166,165,62,61,31.37,13.02,0.11,34,normal
CELL050102,ST0501,HCM,KV3,2026-08-18-13,1787032800000,99.41,1.96,0.56,35.28,6.72,207,203,45,41,39.58,18.37,0.19,69,normal
CELL050102,ST0501,HCM,KV3,2026-08-18-14,1787036400000,100.0,2.27,0.54,40.86,6.48,210,205,51,48,31.13,12.2,0.12,159,normal
CELL050102,ST0501,HCM,KV3,2026-08-18-15,1787040000000,99.74,1.35,0.5,24.3,6.0,217,214,60,58,27.06,17.83,0.1,81,normal
CELL050102,ST0501,HCM,KV3,2026-08-18-16,1787043600000,99.98,2.41,0.77,43.38,9.24,95,91,56,52,27.79,23.4,0.16,58,normal
CELL050102,ST0501,HCM,KV3,2026-08-18-17,1787047200000,99.26,2.16,0.72,38.88,8.64,144,143,46,45,37.17,29.03,0.17,64,normal
CELL050102,ST0501,HCM,KV3,2026-08-18-18,1787050800000,99.8,2.98,0.68,53.64,8.16,182,180,50,50,54.25,22.01,0.09,132,normal
CELL050102,ST0501,HCM,KV3,2026-08-18-19,1787054400000,99.24,2.47,0.58,44.46,6.96,154,149,58,55,46.51,19.87,0.14,58,normal
CELL050102,ST0501,HCM,KV3,2026-08-18-20,1787058000000,99.56,2.18,0.55,39.24,6.6,110,105,34,31,54.66,17.51,0.07,84,normal
CELL050102,ST0501,HCM,KV3,2026-08-18-21,1787061600000,99.39,3.67,1.39,66.06,16.68,94,93,24,22,59.45,25.66,0.07,78,normal
CELL050102,ST0501,HCM,KV3,2026-08-18-22,1787065200000,99.32,3.59,0.89,64.62,10.68,122,120,79,76,58.18,21.1,0.07,150,normal
CELL050102,ST0501,HCM,KV3,2026-08-18-23,1787068800000,99.85,2.58,0.67,46.44,8.04,106,104,72,70,37.95,21.9,0.1,134,normal
CELL050102,ST0501,HCM,KV3,2026-08-19-00,1787072400000,99.68,1.32,0.5,23.76,6.0,73,69,53,51,21.81,25.49,0.17,139,normal
CELL050102,ST0501,HCM,KV3,2026-08-19-01,1787076000000,99.83,1.38,0.45,24.84,5.4,205,203,80,79,13.45,20.58,0.07,134,normal
CELL050102,ST0501,HCM,KV3,2026-08-19-02,1787079600000,99.25,1.33,0.37,23.94,4.44,121,115,75,74,26.71,26.56,0.07,42,normal
CELL050102,ST0501,HCM,KV3,2026-08-19-03,1787083200000,99.76,1.03,0.32,18.54,3.84,181,179,64,64,25.44,21.43,0.09,42,normal
CELL050102,ST0501,HCM,KV3,2026-08-19-04,1787086800000,99.45,1.34,0.44,24.12,5.28,77,72,49,45,20.29,25.94,0.14,61,normal
CELL050102,ST0501,HCM,KV3,2026-08-19-05,1787090400000,99.82,0.83,0.23,14.94,2.76,153,149,55,55,24.89,22.02,0.07,90,normal
CELL050102,ST0501,HCM,KV3,2026-08-19-06,1787094000000,99.97,1.43,0.49,25.74,5.88,218,216,83,79,15.1,13.87,0.14,75,normal
CELL050102,ST0501,HCM,KV3,2026-08-19-07,1787097600000,99.66,1.88,0.69,33.84,8.28,106,101,76,72,37.69,12.58,0.07,61,normal
CELL050102,ST0501,HCM,KV3,2026-08-19-08,1787101200000,99.78,2.21,0.68,39.78,8.16,121,120,53,51,35.56,21.18,0.04,87,normal
CELL050102,ST0501,HCM,KV3,2026-08-19-09,1787104800000,99.68,2.22,0.8,39.96,9.6,197,192,69,67,29.07,25.74,0.06,128,normal
CELL050102,ST0501,HCM,KV3,2026-08-19-10,1787108400000,99.86,1.98,0.7,35.64,8.4,144,139,86,82,27.09,26.07,0.15,70,normal
CELL050102,ST0501,HCM,KV3,2026-08-19-11,1787112000000,99.7,2.36,0.63,42.48,7.56,158,155,20,17,37.05,26.48,0.03,107,normal
CELL050102,ST0501,HCM,KV3,2026-08-19-12,1787115600000,99.94,1.87,0.52,33.66,6.24,103,101,52,48,34.99,24.52,0.05,40,normal
CELL050102,ST0501,HCM,KV3,2026-08-19-13,1787119200000,99.6,2.19,0.59,39.42,7.08,92,89,76,72,36.05,19.8,0.13,52,normal
CELL050102,ST0501,HCM,KV3,2026-08-19-14,1787122800000,99.75,1.52,0.38,27.36,4.56,210,209,86,82,42.72,27.49,0.18,39,normal
CELL050102,ST0501,HCM,KV3,2026-08-19-15,1787126400000,99.58,1.86,0.66,33.48,7.92,93,87,32,31,33.61,27.81,0.09,33,normal
CELL050102,ST0501,HCM,KV3,2026-08-19-16,1787130000000,99.34,1.5,0.44,27.0,5.28,165,159,90,86,33.97,17.79,0.17,89,normal
CELL050102,ST0501,HCM,KV3,2026-08-19-17,1787133600000,99.72,2.42,0.61,43.56,7.32,190,186,34,31,33.58,28.17,0.12,85,normal
CELL050102,ST0501,HCM,KV3,2026-08-19-18,1787137200000,99.77,2.91,1.08,52.38,12.96,166,165,48,46,48.57,28.43,0.15,68,normal
CELL050102,ST0501,HCM,KV3,2026-08-19-19,1787140800000,99.64,3.08,0.82,55.44,9.84,76,72,38,38,48.8,16.23,0.17,95,normal
CELL050102,ST0501,HCM,KV3,2026-08-19-20,1787144400000,99.76,3.85,1.41,69.3,16.92,165,163,86,83,52.06,15.7,0.1,120,normal
CELL050102,ST0501,HCM,KV3,2026-08-19-21,1787148000000,99.86,3.83,0.92,68.94,11.04,116,111,66,65,47.03,14.98,0.05,39,normal
CELL050102,ST0501,HCM,KV3,2026-08-19-22,1787151600000,99.88,2.11,0.64,37.98,7.68,91,89,74,74,56.33,27.45,0.19,130,normal
CELL050102,ST0501,HCM,KV3,2026-08-19-23,1787155200000,99.39,1.75,0.41,31.5,4.92,145,143,50,49,42.85,13.92,0.12,92,normal
CELL050102,ST0501,HCM,KV3,2026-08-20-00,1787158800000,99.22,0.84,0.27,15.12,3.24,187,182,69,65,11.45,19.26,0.03,79,normal
CELL050102,ST0501,HCM,KV3,2026-08-20-01,1787162400000,99.78,1.09,0.37,19.62,4.44,180,174,83,79,16.32,16.35,0.17,144,normal
CELL050102,ST0501,HCM,KV3,2026-08-20-02,1787166000000,99.44,0.83,0.25,14.94,3.0,88,87,38,38,16.04,20.83,0.13,118,normal
CELL050102,ST0501,HCM,KV3,2026-08-20-03,1787169600000,99.62,0.95,0.31,17.1,3.72,167,165,73,71,22.26,27.31,0.17,150,normal
CELL050102,ST0501,HCM,KV3,2026-08-20-04,1787173200000,99.53,0.73,0.24,13.14,2.88,211,205,51,49,16.53,23.6,0.19,132,normal
CELL050102,ST0501,HCM,KV3,2026-08-20-05,1787176800000,99.35,0.94,0.32,16.92,3.84,71,68,53,51,16.44,28.51,0.19,121,normal
CELL050102,ST0501,HCM,KV3,2026-08-20-06,1787180400000,99.29,0.76,0.21,13.68,2.52,81,78,22,21,17.51,27.2,0.11,36,normal
CELL050102,ST0501,HCM,KV3,2026-08-20-07,1787184000000,99.67,2.31,0.61,41.58,7.32,109,105,32,31,34.15,26.33,0.02,155,normal
CELL050102,ST0501,HCM,KV3,2026-08-20-08,1787187600000,99.85,2.04,0.49,36.72,5.88,220,214,40,36,30.58,27.65,0.12,97,normal
CELL050102,ST0501,HCM,KV3,2026-08-20-09,1787191200000,99.34,2.06,0.63,37.08,7.56,145,139,74,74,28.37,23.46,0.18,83,normal
CELL050102,ST0501,HCM,KV3,2026-08-20-10,1787194800000,99.42,2.16,0.72,38.88,8.64,180,174,61,60,34.16,26.15,0.11,125,normal
CELL050102,ST0501,HCM,KV3,2026-08-20-11,1787198400000,99.32,1.47,0.5,26.46,6.0,196,195,39,35,29.44,14.11,0.2,98,normal
CELL050102,ST0501,HCM,KV3,2026-08-20-12,1787202000000,99.47,2.28,0.56,41.04,6.72,119,115,75,71,41.19,17.05,0.13,141,normal
CELL050102,ST0501,HCM,KV3,2026-08-20-13,1787205600000,99.22,2.0,0.71,36.0,8.52,102,101,57,56,32.67,14.38,0.17,117,normal
CELL050102,ST0501,HCM,KV3,2026-08-20-14,1787209200000,99.58,1.57,0.52,28.26,6.24,147,142,31,31,27.76,19.9,0.12,88,normal
CELL050102,ST0501,HCM,KV3,2026-08-20-15,1787212800000,99.53,2.1,0.72,37.8,8.64,147,141,51,47,34.19,22.41,0.1,119,normal
CELL050102,ST0501,HCM,KV3,2026-08-20-16,1787216400000,99.54,2.01,0.45,36.18,5.4,92,86,36,35,40.66,25.28,0.16,70,normal
CELL050102,ST0501,HCM,KV3,2026-08-20-17,1787220000000,99.9,1.33,0.5,23.94,6.0,197,193,55,52,36.78,27.2,0.09,158,normal
CELL050102,ST0501,HCM,KV3,2026-08-20-18,1787223600000,99.36,2.91,0.87,52.38,10.44,98,92,67,64,49.12,24.86,0.13,52,normal
CELL050102,ST0501,HCM,KV3,2026-08-20-19,1787227200000,99.66,3.64,0.91,65.52,10.92,82,81,83,83,49.69,22.87,0.11,113,normal
CELL050102,ST0501,HCM,KV3,2026-08-20-20,1787230800000,99.45,3.57,0.95,64.26,11.4,111,106,24,21,51.04,29.16,0.12,131,normal
CELL050102,ST0501,HCM,KV3,2026-08-20-21,1787234400000,99.76,2.35,0.59,42.3,7.08,88,82,58,58,56.1,20.34,0.14,51,normal
CELL050102,ST0501,HCM,KV3,2026-08-20-22,1787238000000,99.33,3.96,1.49,71.28,17.88,88,83,42,38,56.72,14.38,0.04,30,normal
CELL050102,ST0501,HCM,KV3,2026-08-20-23,1787241600000,99.51,2.47,0.64,44.46,7.68,100,96,26,22,29.94,29.16,0.07,102,normal
CELL050201,ST0502,HCM,KV3,2026-08-18-00,1786986000000,99.26,0.93,0.31,16.74,3.72,192,188,42,38,21.59,13.86,0.19,116,normal
CELL050201,ST0502,HCM,KV3,2026-08-18-01,1786989600000,99.3,1.39,0.36,25.02,4.32,119,117,36,33,22.37,18.58,0.2,105,normal
CELL050201,ST0502,HCM,KV3,2026-08-18-02,1786993200000,99.22,0.9,0.31,16.2,3.72,94,88,61,60,20.16,28.12,0.08,122,normal
CELL050201,ST0502,HCM,KV3,2026-08-18-03,1786996800000,99.44,1.4,0.45,25.2,5.4,136,135,47,46,12.69,14.6,0.13,55,normal
CELL050201,ST0502,HCM,KV3,2026-08-18-04,1787000400000,99.5,1.23,0.38,22.14,4.56,161,155,90,86,22.07,13.17,0.17,39,normal
CELL050201,ST0502,HCM,KV3,2026-08-18-05,1787004000000,99.78,0.92,0.35,16.56,4.2,188,186,55,55,14.0,14.09,0.12,102,normal
CELL050201,ST0502,HCM,KV3,2026-08-18-06,1787007600000,99.42,1.43,0.36,25.74,4.32,114,113,21,18,20.11,23.38,0.05,75,normal
CELL050201,ST0502,HCM,KV3,2026-08-18-07,1787011200000,99.72,1.48,0.43,26.64,5.16,138,133,36,32,27.02,26.67,0.17,50,normal
CELL050201,ST0502,HCM,KV3,2026-08-18-08,1787014800000,99.45,2.07,0.72,37.26,8.64,163,162,35,32,28.2,15.16,0.08,122,normal
CELL050201,ST0502,HCM,KV3,2026-08-18-09,1787018400000,99.82,1.45,0.39,26.1,4.68,123,122,52,52,35.83,23.27,0.19,104,normal
CELL050201,ST0502,HCM,KV3,2026-08-18-10,1787022000000,99.89,2.19,0.53,39.42,6.36,80,77,37,35,42.91,23.67,0.12,159,normal
CELL050201,ST0502,HCM,KV3,2026-08-18-11,1787025600000,99.41,1.39,0.49,25.02,5.88,80,74,51,47,32.56,17.82,0.17,117,normal
CELL050201,ST0502,HCM,KV3,2026-08-18-12,1787029200000,99.96,1.51,0.57,27.18,6.84,144,142,46,43,35.4,12.97,0.11,66,normal
CELL050201,ST0502,HCM,KV3,2026-08-18-13,1787032800000,99.88,2.19,0.5,39.42,6.0,83,80,87,83,33.18,27.64,0.12,126,normal
CELL050201,ST0502,HCM,KV3,2026-08-18-14,1787036400000,99.45,2.54,0.71,45.72,8.52,163,159,49,48,35.04,23.33,0.09,129,normal
CELL050201,ST0502,HCM,KV3,2026-08-18-15,1787040000000,99.4,1.94,0.51,34.92,6.12,168,163,57,56,34.2,16.28,0.15,77,normal
CELL050201,ST0502,HCM,KV3,2026-08-18-16,1787043600000,99.46,2.39,0.75,43.02,9.0,112,109,78,77,40.27,20.57,0.2,137,normal
CELL050201,ST0502,HCM,KV3,2026-08-18-17,1787047200000,99.28,1.37,0.39,24.66,4.68,101,95,49,48,34.86,29.22,0.06,42,normal
CELL050201,ST0502,HCM,KV3,2026-08-18-18,1787050800000,99.58,3.58,0.96,64.44,11.52,111,107,45,45,55.03,28.02,0.07,39,normal
CELL050201,ST0502,HCM,KV3,2026-08-18-19,1787054400000,99.92,3.51,1.0,63.18,12.0,93,92,45,45,57.27,19.67,0.01,88,normal
CELL050201,ST0502,HCM,KV3,2026-08-18-20,1787058000000,99.93,3.38,1.01,60.84,12.12,91,86,24,20,61.6,23.07,0.18,137,normal
CELL050201,ST0502,HCM,KV3,2026-08-18-21,1787061600000,99.53,2.2,0.79,39.6,9.48,90,86,79,77,54.6,20.89,0.19,39,normal
CELL050201,ST0502,HCM,KV3,2026-08-18-22,1787065200000,99.81,3.91,0.95,70.38,11.4,182,178,40,36,52.23,12.21,0.07,98,normal
CELL050201,ST0502,HCM,KV3,2026-08-18-23,1787068800000,99.88,1.86,0.44,33.48,5.28,125,119,24,24,30.94,26.55,0.15,31,normal
CELL050201,ST0502,HCM,KV3,2026-08-19-00,1787072400000,99.75,1.14,0.27,20.52,3.24,128,123,58,55,18.57,21.84,0.13,140,normal
CELL050201,ST0502,HCM,KV3,2026-08-19-01,1787076000000,99.53,1.06,0.27,19.08,3.24,72,70,64,64,23.76,20.39,0.17,41,normal
CELL050201,ST0502,HCM,KV3,2026-08-19-02,1787079600000,99.73,1.35,0.45,24.3,5.4,156,155,51,49,14.27,20.5,0.09,45,normal
CELL050201,ST0502,HCM,KV3,2026-08-19-03,1787083200000,99.9,1.14,0.28,20.52,3.36,208,203,85,82,20.57,16.03,0.13,33,normal
CELL050201,ST0502,HCM,KV3,2026-08-19-04,1787086800000,99.47,1.4,0.53,25.2,6.36,200,198,23,19,17.82,25.32,0.19,81,normal
CELL050201,ST0502,HCM,KV3,2026-08-19-05,1787090400000,99.92,0.75,0.17,13.5,2.04,139,137,80,78,15.98,14.56,0.02,147,normal
CELL050201,ST0502,HCM,KV3,2026-08-19-06,1787094000000,99.45,1.14,0.37,20.52,4.44,193,188,41,41,11.43,21.66,0.03,93,normal
CELL050201,ST0502,HCM,KV3,2026-08-19-07,1787097600000,99.26,1.38,0.52,24.84,6.24,218,213,81,81,27.88,29.67,0.15,119,normal
CELL050201,ST0502,HCM,KV3,2026-08-19-08,1787101200000,99.26,2.59,0.97,46.62,11.64,151,146,33,32,33.36,23.83,0.02,102,normal
CELL050201,ST0502,HCM,KV3,2026-08-19-09,1787104800000,99.23,1.93,0.43,34.74,5.16,214,210,67,66,30.69,15.17,0.1,111,normal
CELL050201,ST0502,HCM,KV3,2026-08-19-10,1787108400000,99.78,2.2,0.77,39.6,9.24,101,96,27,23,29.51,17.7,0.09,117,normal
CELL050201,ST0502,HCM,KV3,2026-08-19-11,1787112000000,99.52,2.42,0.59,43.56,7.08,109,103,24,20,34.78,27.31,0.09,101,normal
CELL050201,ST0502,HCM,KV3,2026-08-19-12,1787115600000,99.9,1.97,0.73,35.46,8.76,152,148,33,31,36.85,25.96,0.14,54,normal
CELL050201,ST0502,HCM,KV3,2026-08-19-13,1787119200000,99.79,1.43,0.43,25.74,5.16,96,91,60,57,41.79,28.53,0.06,69,normal
CELL050201,ST0502,HCM,KV3,2026-08-19-14,1787122800000,99.44,1.69,0.46,30.42,5.52,99,97,53,50,35.98,23.82,0.17,158,normal
CELL050201,ST0502,HCM,KV3,2026-08-19-15,1787126400000,99.97,2.11,0.65,37.98,7.8,171,168,22,19,32.02,27.02,0.17,133,normal
CELL050201,ST0502,HCM,KV3,2026-08-19-16,1787130000000,99.63,1.49,0.41,26.82,4.92,185,181,62,61,33.45,17.11,0.14,140,normal
CELL050201,ST0502,HCM,KV3,2026-08-19-17,1787133600000,99.96,1.33,0.41,23.94,4.92,130,128,67,64,32.98,15.37,0.18,64,normal
CELL050201,ST0502,HCM,KV3,2026-08-19-18,1787137200000,99.65,3.99,1.44,71.82,17.28,144,141,60,58,55.78,14.67,0.17,57,normal
CELL050201,ST0502,HCM,KV3,2026-08-19-19,1787140800000,99.82,3.25,1.03,58.5,12.36,70,65,49,47,55.09,28.03,0.03,81,normal
CELL050201,ST0502,HCM,KV3,2026-08-19-20,1787144400000,99.22,3.97,1.02,71.46,12.24,189,188,66,65,49.64,21.34,0.03,93,normal
CELL050201,ST0502,HCM,KV3,2026-08-19-21,1787148000000,99.7,2.86,0.68,51.48,8.16,148,143,29,26,52.52,14.87,0.11,136,normal
CELL050201,ST0502,HCM,KV3,2026-08-19-22,1787151600000,99.55,2.11,0.65,37.98,7.8,205,203,27,24,54.0,29.26,0.15,115,normal
CELL050201,ST0502,HCM,KV3,2026-08-19-23,1787155200000,99.97,2.17,0.5,39.06,6.0,114,113,33,33,30.26,22.05,0.2,124,normal
CELL050201,ST0502,HCM,KV3,2026-08-20-00,1787158800000,99.72,1.23,0.42,22.14,5.04,208,202,57,55,23.68,27.4,0.09,76,normal
CELL050201,ST0502,HCM,KV3,2026-08-20-01,1787162400000,99.73,1.02,0.24,18.36,2.88,167,163,57,56,12.24,27.11,0.07,123,normal
CELL050201,ST0502,HCM,KV3,2026-08-20-02,1787166000000,99.32,1.06,0.27,19.08,3.24,138,134,20,18,22.2,22.77,0.1,154,normal
CELL050201,ST0502,HCM,KV3,2026-08-20-03,1787169600000,99.71,1.37,0.36,24.66,4.32,96,92,89,86,12.68,15.62,0.03,35,normal
CELL050201,ST0502,HCM,KV3,2026-08-20-04,1787173200000,99.44,1.05,0.34,18.9,4.08,173,170,62,59,13.22,22.0,0.01,76,normal
CELL050201,ST0502,HCM,KV3,2026-08-20-05,1787176800000,99.46,1.14,0.29,20.52,3.48,112,106,80,77,25.42,27.18,0.06,45,normal
CELL050201,ST0502,HCM,KV3,2026-08-20-06,1787180400000,99.23,0.72,0.27,12.96,3.24,84,78,33,30,26.57,15.39,0.07,75,normal
CELL050201,ST0502,HCM,KV3,2026-08-20-07,1787184000000,99.48,1.58,0.59,28.44,7.08,124,121,87,86,32.36,29.39,0.15,135,normal
CELL050201,ST0502,HCM,KV3,2026-08-20-08,1787187600000,99.93,2.54,0.86,45.72,10.32,88,82,23,20,28.44,17.36,0.12,50,normal
CELL050201,ST0502,HCM,KV3,2026-08-20-09,1787191200000,99.23,2.09,0.77,37.62,9.24,90,85,27,23,42.42,25.79,0.06,103,normal
CELL050201,ST0502,HCM,KV3,2026-08-20-10,1787194800000,99.24,1.94,0.46,34.92,5.52,117,115,49,48,29.15,27.52,0.12,60,normal
CELL050201,ST0502,HCM,KV3,2026-08-20-11,1787198400000,99.28,1.64,0.58,29.52,6.96,108,106,27,25,38.3,23.78,0.14,129,normal
CELL050201,ST0502,HCM,KV3,2026-08-20-12,1787202000000,99.85,1.47,0.43,26.46,5.16,204,201,78,74,29.3,22.64,0.18,32,normal
CELL050201,ST0502,HCM,KV3,2026-08-20-13,1787205600000,99.32,2.06,0.75,37.08,9.0,157,153,74,73,42.65,22.47,0.04,89,normal
CELL050201,ST0502,HCM,KV3,2026-08-20-14,1787209200000,99.97,1.77,0.5,31.86,6.0,75,69,53,49,40.24,20.03,0.15,40,normal
CELL050201,ST0502,HCM,KV3,2026-08-20-15,1787212800000,99.77,2.17,0.51,39.06,6.12,71,67,82,79,36.09,15.83,0.11,66,normal
CELL050201,ST0502,HCM,KV3,2026-08-20-16,1787216400000,99.7,2.23,0.54,40.14,6.48,95,89,44,42,41.32,16.9,0.09,109,normal
CELL050201,ST0502,HCM,KV3,2026-08-20-17,1787220000000,99.67,2.45,0.89,44.1,10.68,191,185,32,28,40.07,18.75,0.13,154,normal
CELL050201,ST0502,HCM,KV3,2026-08-20-18,1787223600000,99.95,3.77,0.89,67.86,10.68,144,142,38,38,56.84,27.14,0.01,156,normal
CELL050201,ST0502,HCM,KV3,2026-08-20-19,1787227200000,99.34,3.87,1.08,69.66,12.96,74,71,64,60,48.74,13.75,0.07,137,normal
CELL050201,ST0502,HCM,KV3,2026-08-20-20,1787230800000,99.81,2.28,0.66,41.04,7.92,70,65,73,73,51.14,21.43,0.06,31,normal
CELL050201,ST0502,HCM,KV3,2026-08-20-21,1787234400000,99.63,2.59,0.79,46.62,9.48,208,205,32,29,50.53,29.48,0.15,62,normal
CELL050201,ST0502,HCM,KV3,2026-08-20-22,1787238000000,99.86,3.5,0.99,63.0,11.88,123,117,48,47,52.22,19.5,0.12,49,normal
CELL050201,ST0502,HCM,KV3,2026-08-20-23,1787241600000,99.41,1.51,0.42,27.18,5.04,103,100,29,25,38.6,18.86,0.01,93,normal
CELL050202,ST0502,HCM,KV3,2026-08-18-00,1786986000000,99.82,1.37,0.5,24.66,6.0,102,100,71,68,14.74,16.6,0.14,76,normal
CELL050202,ST0502,HCM,KV3,2026-08-18-01,1786989600000,99.96,1.19,0.38,21.42,4.56,188,183,87,87,15.6,17.25,0.03,152,normal
CELL050202,ST0502,HCM,KV3,2026-08-18-02,1786993200000,99.8,0.77,0.19,13.86,2.28,112,107,75,73,11.25,20.9,0.11,121,normal
CELL050202,ST0502,HCM,KV3,2026-08-18-03,1786996800000,99.65,1.35,0.49,24.3,5.88,122,117,72,72,18.25,25.15,0.12,66,normal
CELL050202,ST0502,HCM,KV3,2026-08-18-04,1787000400000,99.42,1.35,0.5,24.3,6.0,220,218,21,21,12.05,17.48,0.05,86,normal
CELL050202,ST0502,HCM,KV3,2026-08-18-05,1787004000000,99.45,1.08,0.32,19.44,3.84,166,163,38,37,21.52,16.62,0.11,132,normal
CELL050202,ST0502,HCM,KV3,2026-08-18-06,1787007600000,99.24,0.98,0.3,17.64,3.6,201,197,38,37,21.39,25.19,0.07,72,normal
CELL050202,ST0502,HCM,KV3,2026-08-18-07,1787011200000,99.75,1.72,0.49,30.96,5.88,123,120,88,85,36.78,21.36,0.16,76,normal
CELL050202,ST0502,HCM,KV3,2026-08-18-08,1787014800000,99.64,1.73,0.52,31.14,6.24,207,203,40,39,32.39,19.02,0.2,65,normal
CELL050202,ST0502,HCM,KV3,2026-08-18-09,1787018400000,99.58,1.58,0.44,28.44,5.28,138,137,30,27,40.02,18.27,0.17,93,normal
CELL050202,ST0502,HCM,KV3,2026-08-18-10,1787022000000,99.4,1.47,0.46,26.46,5.52,99,95,32,29,36.36,13.8,0.04,122,normal
CELL050202,ST0502,HCM,KV3,2026-08-18-11,1787025600000,99.45,1.31,0.34,23.58,4.08,192,189,73,73,28.02,15.71,0.11,83,normal
CELL050202,ST0502,HCM,KV3,2026-08-18-12,1787029200000,99.47,2.0,0.75,36.0,9.0,81,76,49,48,33.92,14.32,0.1,101,normal
CELL050202,ST0502,HCM,KV3,2026-08-18-13,1787032800000,99.77,2.52,0.81,45.36,9.72,147,145,49,47,40.03,23.08,0.08,72,normal
CELL050202,ST0502,HCM,KV3,2026-08-18-14,1787036400000,99.73,1.63,0.51,29.34,6.12,218,213,82,81,40.17,14.42,0.03,109,normal
CELL050202,ST0502,HCM,KV3,2026-08-18-15,1787040000000,99.29,2.17,0.52,39.06,6.24,196,190,70,67,28.02,15.28,0.08,70,normal
CELL050202,ST0502,HCM,KV3,2026-08-18-16,1787043600000,99.93,2.18,0.54,39.24,6.48,76,75,54,51,42.58,20.78,0.17,123,normal
CELL050202,ST0502,HCM,KV3,2026-08-18-17,1787047200000,99.39,2.17,0.8,39.06,9.6,89,85,47,45,42.41,12.77,0.01,56,normal
CELL050202,ST0502,HCM,KV3,2026-08-18-18,1787050800000,99.23,3.64,0.85,65.52,10.2,148,144,87,86,48.73,24.53,0.14,118,normal
CELL050202,ST0502,HCM,KV3,2026-08-18-19,1787054400000,99.22,2.33,0.7,41.94,8.4,85,84,90,88,52.83,17.06,0.12,59,normal
CELL050202,ST0502,HCM,KV3,2026-08-18-20,1787058000000,99.21,3.18,1.15,57.24,13.8,204,203,72,68,47.77,18.66,0.11,137,normal
CELL050202,ST0502,HCM,KV3,2026-08-18-21,1787061600000,99.22,3.15,0.96,56.7,11.52,91,89,74,72,56.07,22.96,0.04,147,normal
CELL050202,ST0502,HCM,KV3,2026-08-18-22,1787065200000,99.73,2.84,0.79,51.12,9.48,217,215,39,38,58.89,17.24,0.04,150,normal
CELL050202,ST0502,HCM,KV3,2026-08-18-23,1787068800000,99.63,2.04,0.48,36.72,5.76,93,87,24,23,41.24,26.64,0.08,114,normal
CELL050202,ST0502,HCM,KV3,2026-08-19-00,1787072400000,99.89,0.95,0.27,17.1,3.24,71,68,27,23,19.74,13.35,0.2,111,normal
CELL050202,ST0502,HCM,KV3,2026-08-19-01,1787076000000,99.97,0.86,0.28,15.48,3.36,144,143,59,56,19.75,22.65,0.15,48,normal
CELL050202,ST0502,HCM,KV3,2026-08-19-02,1787079600000,99.69,1.37,0.48,24.66,5.76,161,156,25,24,22.88,16.53,0.19,156,normal
CELL050202,ST0502,HCM,KV3,2026-08-19-03,1787083200000,99.38,1.11,0.3,19.98,3.6,175,171,85,81,12.22,15.59,0.12,140,normal
CELL050202,ST0502,HCM,KV3,2026-08-19-04,1787086800000,99.35,1.08,0.31,19.44,3.72,136,130,81,81,20.21,24.81,0.06,134,normal
CELL050202,ST0502,HCM,KV3,2026-08-19-05,1787090400000,99.69,1.07,0.3,19.26,3.6,157,153,57,55,22.54,12.9,0.1,156,normal
CELL050202,ST0502,HCM,KV3,2026-08-19-06,1787094000000,99.87,1.33,0.44,23.94,5.28,87,82,79,76,24.4,21.48,0.14,105,normal
CELL050202,ST0502,HCM,KV3,2026-08-19-07,1787097600000,99.75,2.11,0.62,37.98,7.44,90,87,85,85,35.78,14.0,0.04,137,normal
CELL050202,ST0502,HCM,KV3,2026-08-19-08,1787101200000,99.31,2.2,0.6,39.6,7.2,109,107,41,38,30.9,20.77,0.14,98,normal
CELL050202,ST0502,HCM,KV3,2026-08-19-09,1787104800000,99.5,1.93,0.69,34.74,8.28,150,149,74,74,31.34,19.06,0.08,43,normal
CELL050202,ST0502,HCM,KV3,2026-08-19-10,1787108400000,99.62,1.94,0.73,34.92,8.76,124,118,86,84,36.02,27.14,0.12,75,normal
CELL050202,ST0502,HCM,KV3,2026-08-19-11,1787112000000,99.43,1.67,0.6,30.06,7.2,210,205,64,63,36.81,20.32,0.2,129,normal
CELL050202,ST0502,HCM,KV3,2026-08-19-12,1787115600000,99.23,2.28,0.69,41.04,8.28,213,210,81,79,34.86,20.27,0.15,78,normal
CELL050202,ST0502,HCM,KV3,2026-08-19-13,1787119200000,99.89,2.07,0.75,37.26,9.0,92,90,56,52,29.24,27.41,0.12,116,normal
CELL050202,ST0502,HCM,KV3,2026-08-19-14,1787122800000,99.45,2.22,0.79,39.96,9.48,208,203,45,42,37.91,12.1,0.08,95,normal
CELL050202,ST0502,HCM,KV3,2026-08-19-15,1787126400000,99.98,2.53,0.87,45.54,10.44,100,96,61,59,34.15,25.86,0.17,98,normal
CELL050202,ST0502,HCM,KV3,2026-08-19-16,1787130000000,99.64,2.11,0.73,37.98,8.76,189,185,78,76,41.69,13.2,0.19,148,normal
CELL050202,ST0502,HCM,KV3,2026-08-19-17,1787133600000,99.27,2.1,0.72,37.8,8.64,150,145,86,86,31.01,26.2,0.03,141,normal
CELL050202,ST0502,HCM,KV3,2026-08-19-18,1787137200000,99.38,3.63,1.17,65.34,14.04,109,108,42,42,52.38,21.52,0.18,101,normal
CELL050202,ST0502,HCM,KV3,2026-08-19-19,1787140800000,99.71,3.36,0.89,60.48,10.68,179,178,28,28,55.33,16.53,0.07,119,normal
CELL050202,ST0502,HCM,KV3,2026-08-19-20,1787144400000,99.36,2.85,0.85,51.3,10.2,128,124,89,88,47.67,19.58,0.1,41,normal
CELL050202,ST0502,HCM,KV3,2026-08-19-21,1787148000000,99.43,3.36,1.0,60.48,12.0,200,194,36,35,51.17,25.46,0.1,85,normal
CELL050202,ST0502,HCM,KV3,2026-08-19-22,1787151600000,99.76,2.5,0.85,45.0,10.2,99,93,25,24,51.14,22.27,0.16,38,normal
CELL050202,ST0502,HCM,KV3,2026-08-19-23,1787155200000,99.2,1.84,0.52,33.12,6.24,74,69,32,28,40.05,19.53,0.16,70,normal
CELL050202,ST0502,HCM,KV3,2026-08-20-00,1787158800000,99.83,1.03,0.3,18.54,3.6,81,79,56,53,22.88,21.31,0.03,138,normal
CELL050202,ST0502,HCM,KV3,2026-08-20-01,1787162400000,99.9,1.05,0.35,18.9,4.2,99,98,74,70,14.21,16.71,0.05,120,normal
CELL050202,ST0502,HCM,KV3,2026-08-20-02,1787166000000,99.42,0.74,0.26,13.32,3.12,86,83,42,39,22.23,22.47,0.07,43,normal
CELL050202,ST0502,HCM,KV3,2026-08-20-03,1787169600000,99.89,1.4,0.47,25.2,5.64,101,98,71,71,26.53,28.95,0.1,127,normal
CELL050202,ST0502,HCM,KV3,2026-08-20-04,1787173200000,99.22,0.82,0.26,14.76,3.12,154,151,63,61,23.49,19.37,0.07,141,normal
CELL050202,ST0502,HCM,KV3,2026-08-20-05,1787176800000,99.48,1.41,0.35,25.38,4.2,114,113,37,33,16.93,27.82,0.03,82,normal
CELL050202,ST0502,HCM,KV3,2026-08-20-06,1787180400000,99.45,1.37,0.43,24.66,5.16,215,210,64,62,21.69,29.06,0.17,41,normal
CELL050202,ST0502,HCM,KV3,2026-08-20-07,1787184000000,99.46,1.78,0.5,32.04,6.0,130,129,21,21,41.15,21.7,0.04,40,normal
CELL050202,ST0502,HCM,KV3,2026-08-20-08,1787187600000,99.75,1.43,0.32,25.74,3.84,190,188,45,41,37.89,25.42,0.14,35,normal
CELL050202,ST0502,HCM,KV3,2026-08-20-09,1787191200000,99.7,2.24,0.52,40.32,6.24,160,155,30,27,32.95,20.95,0.07,69,normal
CELL050202,ST0502,HCM,KV3,2026-08-20-10,1787194800000,99.79,2.35,0.58,42.3,6.96,81,75,82,79,35.75,16.61,0.05,44,normal
CELL050202,ST0502,HCM,KV3,2026-08-20-11,1787198400000,99.59,1.31,0.41,23.58,4.92,132,127,48,48,35.76,19.16,0.06,109,normal
CELL050202,ST0502,HCM,KV3,2026-08-20-12,1787202000000,99.57,1.86,0.69,33.48,8.28,131,126,65,61,34.28,26.92,0.1,85,normal
CELL050202,ST0502,HCM,KV3,2026-08-20-13,1787205600000,99.68,1.31,0.29,23.58,3.48,199,197,85,83,30.39,23.47,0.05,92,normal
CELL050202,ST0502,HCM,KV3,2026-08-20-14,1787209200000,99.38,1.83,0.45,32.94,5.4,203,200,22,22,32.65,25.04,0.16,139,normal
CELL050202,ST0502,HCM,KV3,2026-08-20-15,1787212800000,99.45,2.47,0.76,44.46,9.12,141,135,70,70,40.97,21.19,0.12,138,normal
CELL050202,ST0502,HCM,KV3,2026-08-20-16,1787216400000,99.36,2.07,0.74,37.26,8.88,159,157,40,38,34.11,28.84,0.09,149,normal
CELL050202,ST0502,HCM,KV3,2026-08-20-17,1787220000000,99.78,1.43,0.38,25.74,4.56,142,138,25,22,35.62,15.74,0.19,94,normal
CELL050202,ST0502,HCM,KV3,2026-08-20-18,1787223600000,99.46,3.09,1.12,55.62,13.44,107,103,27,23,54.83,22.81,0.07,104,normal
CELL050202,ST0502,HCM,KV3,2026-08-20-19,1787227200000,99.61,3.79,1.09,68.22,13.08,195,190,50,48,54.35,18.89,0.18,150,normal
CELL050202,ST0502,HCM,KV3,2026-08-20-20,1787230800000,99.59,3.73,0.87,67.14,10.44,189,187,28,26,53.58,21.92,0.17,72,normal
CELL050202,ST0502,HCM,KV3,2026-08-20-21,1787234400000,99.69,2.12,0.55,38.16,6.6,109,106,61,61,59.46,15.75,0.05,78,normal
CELL050202,ST0502,HCM,KV3,2026-08-20-22,1787238000000,99.62,2.28,0.65,41.04,7.8,184,178,88,85,58.78,22.23,0.12,109,normal
CELL050202,ST0502,HCM,KV3,2026-08-20-23,1787241600000,100.0,2.12,0.68,38.16,8.16,96,91,45,44,30.43,14.88,0.19,121,normal
CELL060101,ST0601,KHA,KV2,2026-08-18-00,1786986000000,99.78,1.0,0.31,18.0,3.72,100,98,22,19,20.65,29.21,0.08,126,normal
CELL060101,ST0601,KHA,KV2,2026-08-18-01,1786989600000,99.55,1.28,0.45,23.04,5.4,175,171,33,31,17.96,23.6,0.09,152,normal
CELL060101,ST0601,KHA,KV2,2026-08-18-02,1786993200000,99.36,0.85,0.19,15.3,2.28,125,121,68,66,25.12,28.6,0.07,146,normal
CELL060101,ST0601,KHA,KV2,2026-08-18-03,1786996800000,99.42,0.78,0.23,14.04,2.76,212,209,33,31,18.77,15.52,0.17,119,normal
CELL060101,ST0601,KHA,KV2,2026-08-18-04,1787000400000,99.91,0.97,0.31,17.46,3.72,178,176,80,76,17.1,14.6,0.06,133,normal
CELL060101,ST0601,KHA,KV2,2026-08-18-05,1787004000000,99.32,1.21,0.37,21.78,4.44,212,207,46,45,24.41,24.16,0.14,68,normal
CELL060101,ST0601,KHA,KV2,2026-08-18-06,1787007600000,99.71,0.95,0.3,17.1,3.6,144,139,50,47,18.94,26.46,0.11,63,normal
CELL060101,ST0601,KHA,KV2,2026-08-18-07,1787011200000,99.68,1.44,0.32,25.92,3.84,119,117,39,36,36.36,25.32,0.19,62,normal
CELL060101,ST0601,KHA,KV2,2026-08-18-08,1787014800000,99.54,2.01,0.65,36.18,7.8,83,82,49,45,28.59,18.63,0.03,68,normal
CELL060101,ST0601,KHA,KV2,2026-08-18-09,1787018400000,99.81,2.21,0.54,39.78,6.48,194,192,75,74,38.65,28.27,0.15,49,normal
CELL060101,ST0601,KHA,KV2,2026-08-18-10,1787022000000,99.55,2.57,0.73,46.26,8.76,132,127,53,49,37.72,20.83,0.19,49,normal
CELL060101,ST0601,KHA,KV2,2026-08-18-11,1787025600000,99.96,1.36,0.4,24.48,4.8,182,177,29,27,36.29,14.76,0.08,45,normal
CELL060101,ST0601,KHA,KV2,2026-08-18-12,1787029200000,99.76,1.32,0.39,23.76,4.68,135,130,61,60,41.92,12.51,0.2,60,normal
CELL060101,ST0601,KHA,KV2,2026-08-18-13,1787032800000,99.6,1.68,0.53,30.24,6.36,220,214,38,34,36.48,25.4,0.15,142,normal
CELL060101,ST0601,KHA,KV2,2026-08-18-14,1787036400000,99.34,1.34,0.5,24.12,6.0,169,165,28,27,34.19,14.2,0.03,63,normal
CELL060101,ST0601,KHA,KV2,2026-08-18-15,1787040000000,99.31,2.46,0.86,44.28,10.32,193,190,89,88,30.65,15.98,0.05,83,normal
CELL060101,ST0601,KHA,KV2,2026-08-18-16,1787043600000,99.24,1.66,0.63,29.88,7.56,186,181,39,37,36.22,21.38,0.17,139,normal
CELL060101,ST0601,KHA,KV2,2026-08-18-17,1787047200000,99.28,2.5,0.93,45.0,11.16,153,152,43,39,35.48,22.73,0.09,52,normal
CELL060101,ST0601,KHA,KV2,2026-08-18-18,1787050800000,99.27,3.86,1.26,69.48,15.12,144,143,29,29,57.79,15.11,0.05,51,normal
CELL060101,ST0601,KHA,KV2,2026-08-18-19,1787054400000,99.53,2.61,0.91,46.98,10.92,80,78,57,55,61.77,27.41,0.06,73,normal
CELL060101,ST0601,KHA,KV2,2026-08-18-20,1787058000000,99.7,3.16,1.1,56.88,13.2,114,113,67,66,54.85,27.49,0.02,43,normal
CELL060101,ST0601,KHA,KV2,2026-08-18-21,1787061600000,99.93,3.31,0.96,59.58,11.52,216,212,86,84,56.29,17.77,0.2,152,normal
CELL060101,ST0601,KHA,KV2,2026-08-18-22,1787065200000,99.33,2.09,0.59,37.62,7.08,179,178,67,67,47.7,25.17,0.06,130,normal
CELL060101,ST0601,KHA,KV2,2026-08-18-23,1787068800000,99.43,1.8,0.54,32.4,6.48,87,81,28,24,29.79,28.01,0.11,33,normal
CELL060101,ST0601,KHA,KV2,2026-08-19-00,1787072400000,99.71,1.03,0.26,18.54,3.12,76,74,76,74,24.69,20.33,0.04,80,normal
CELL060101,ST0601,KHA,KV2,2026-08-19-01,1787076000000,99.4,1.25,0.28,22.5,3.36,107,103,32,31,16.32,12.2,0.18,51,normal
CELL060101,ST0601,KHA,KV2,2026-08-19-02,1787079600000,99.34,1.11,0.41,19.98,4.92,70,68,25,24,23.0,23.46,0.17,96,normal
CELL060101,ST0601,KHA,KV2,2026-08-19-03,1787083200000,99.59,1.06,0.3,19.08,3.6,119,113,36,34,23.35,29.8,0.1,72,normal
CELL060101,ST0601,KHA,KV2,2026-08-19-04,1787086800000,99.98,0.75,0.2,13.5,2.4,130,125,47,47,26.97,17.41,0.19,94,normal
CELL060101,ST0601,KHA,KV2,2026-08-19-05,1787090400000,99.27,1.1,0.39,19.8,4.68,84,80,81,78,14.28,22.85,0.17,68,normal
CELL060101,ST0601,KHA,KV2,2026-08-19-06,1787094000000,99.83,0.74,0.23,13.32,2.76,92,89,36,36,22.57,27.33,0.14,112,normal
CELL060101,ST0601,KHA,KV2,2026-08-19-07,1787097600000,99.21,2.17,0.66,39.06,7.92,196,195,90,88,30.27,23.17,0.15,36,normal
CELL060101,ST0601,KHA,KV2,2026-08-19-08,1787101200000,99.6,1.46,0.35,26.28,4.2,159,156,41,40,29.44,26.75,0.07,78,normal
CELL060101,ST0601,KHA,KV2,2026-08-19-09,1787104800000,99.65,2.55,0.96,45.9,11.52,152,147,37,34,42.67,16.69,0.11,85,normal
CELL060101,ST0601,KHA,KV2,2026-08-19-10,1787108400000,99.5,2.23,0.59,40.14,7.08,88,84,88,85,36.05,17.31,0.14,144,normal
CELL060101,ST0601,KHA,KV2,2026-08-19-11,1787112000000,99.72,2.56,0.8,46.08,9.6,116,111,80,79,35.93,29.71,0.09,140,normal
CELL060101,ST0601,KHA,KV2,2026-08-19-12,1787115600000,99.76,2.56,0.71,46.08,8.52,217,215,46,45,33.46,13.49,0.07,44,normal
CELL060101,ST0601,KHA,KV2,2026-08-19-13,1787119200000,99.68,2.59,0.86,46.62,10.32,70,67,25,22,38.29,21.71,0.05,91,normal
CELL060101,ST0601,KHA,KV2,2026-08-19-14,1787122800000,99.95,2.13,0.73,38.34,8.76,84,78,34,31,27.78,18.65,0.08,159,normal
CELL060101,ST0601,KHA,KV2,2026-08-19-15,1787126400000,99.41,2.02,0.52,36.36,6.24,218,215,79,77,31.74,15.31,0.15,125,normal
CELL060101,ST0601,KHA,KV2,2026-08-19-16,1787130000000,99.96,1.34,0.43,24.12,5.16,120,118,84,83,29.73,26.72,0.11,45,normal
CELL060101,ST0601,KHA,KV2,2026-08-19-17,1787133600000,99.3,2.45,0.7,44.1,8.4,74,73,26,22,31.34,16.15,0.2,127,normal
CELL060101,ST0601,KHA,KV2,2026-08-19-18,1787137200000,99.86,3.78,1.08,68.04,12.96,123,119,35,33,52.69,26.75,0.14,125,normal
CELL060101,ST0601,KHA,KV2,2026-08-19-19,1787140800000,99.34,2.72,0.81,48.96,9.72,123,119,67,67,60.99,15.21,0.19,80,normal
CELL060101,ST0601,KHA,KV2,2026-08-19-20,1787144400000,99.66,3.49,0.8,62.82,9.6,82,76,76,74,55.3,18.14,0.15,66,normal
CELL060101,ST0601,KHA,KV2,2026-08-19-21,1787148000000,99.45,2.57,0.84,46.26,10.08,214,211,64,61,50.2,18.88,0.13,156,normal
CELL060101,ST0601,KHA,KV2,2026-08-19-22,1787151600000,99.26,2.44,0.62,43.92,7.44,140,137,66,65,54.14,21.72,0.1,130,normal
CELL060101,ST0601,KHA,KV2,2026-08-19-23,1787155200000,99.43,2.42,0.75,43.56,9.0,182,178,52,50,31.11,16.36,0.18,123,normal
CELL060101,ST0601,KHA,KV2,2026-08-20-00,1787158800000,99.69,1.38,0.36,24.84,4.32,165,160,49,45,23.75,29.82,0.18,39,normal
CELL060101,ST0601,KHA,KV2,2026-08-20-01,1787162400000,99.36,1.4,0.39,25.2,4.68,209,204,56,55,23.1,28.99,0.01,89,normal
CELL060101,ST0601,KHA,KV2,2026-08-20-02,1787166000000,99.96,0.93,0.32,16.74,3.84,71,69,31,27,19.03,19.72,0.08,116,normal
CELL060101,ST0601,KHA,KV2,2026-08-20-03,1787169600000,99.23,0.92,0.31,16.56,3.72,90,88,88,84,20.7,19.3,0.14,151,normal
CELL060101,ST0601,KHA,KV2,2026-08-20-04,1787173200000,99.31,1.24,0.37,22.32,4.44,207,205,50,48,23.47,16.32,0.17,118,normal
CELL060101,ST0601,KHA,KV2,2026-08-20-05,1787176800000,99.52,0.86,0.2,15.48,2.4,139,136,48,47,26.77,14.07,0.08,49,normal
CELL060101,ST0601,KHA,KV2,2026-08-20-06,1787180400000,99.4,0.82,0.26,14.76,3.12,173,168,62,60,13.71,22.89,0.03,89,normal
CELL060101,ST0601,KHA,KV2,2026-08-20-07,1787184000000,99.92,1.36,0.43,24.48,5.16,194,190,85,82,39.37,29.11,0.05,152,normal
CELL060101,ST0601,KHA,KV2,2026-08-20-08,1787187600000,99.5,1.92,0.63,34.56,7.56,159,156,88,84,29.25,26.94,0.05,144,normal
CELL060101,ST0601,KHA,KV2,2026-08-20-09,1787191200000,99.97,2.57,0.79,46.26,9.48,162,156,53,50,33.4,15.94,0.12,68,normal
CELL060101,ST0601,KHA,KV2,2026-08-20-10,1787194800000,99.83,2.03,0.59,36.54,7.08,192,187,72,69,42.54,29.03,0.04,139,normal
CELL060101,ST0601,KHA,KV2,2026-08-20-11,1787198400000,99.24,2.43,0.54,43.74,6.48,71,65,48,45,29.89,20.18,0.11,114,normal
CELL060101,ST0601,KHA,KV2,2026-08-20-12,1787202000000,99.52,1.46,0.32,26.28,3.84,81,76,47,45,38.69,14.73,0.1,142,normal
CELL060101,ST0601,KHA,KV2,2026-08-20-13,1787205600000,99.26,2.54,0.78,45.72,9.36,184,179,44,42,40.36,15.59,0.06,47,normal
CELL060101,ST0601,KHA,KV2,2026-08-20-14,1787209200000,99.48,1.94,0.69,34.92,8.28,152,148,87,84,40.15,12.72,0.03,82,normal
CELL060101,ST0601,KHA,KV2,2026-08-20-15,1787212800000,99.96,2.35,0.71,42.3,8.52,82,76,57,55,39.67,14.93,0.04,106,normal
CELL060101,ST0601,KHA,KV2,2026-08-20-16,1787216400000,99.81,2.12,0.78,38.16,9.36,178,177,36,34,37.1,19.85,0.07,153,normal
CELL060101,ST0601,KHA,KV2,2026-08-20-17,1787220000000,99.33,1.49,0.56,26.82,6.72,130,126,69,68,27.65,18.59,0.05,79,normal
CELL060101,ST0601,KHA,KV2,2026-08-20-18,1787223600000,99.53,3.78,1.43,68.04,17.16,116,111,45,44,50.83,24.71,0.09,128,normal
CELL060101,ST0601,KHA,KV2,2026-08-20-19,1787227200000,99.95,2.99,0.82,53.82,9.84,79,75,47,44,50.39,24.33,0.11,60,normal
CELL060101,ST0601,KHA,KV2,2026-08-20-20,1787230800000,99.86,3.34,0.86,60.12,10.32,176,172,22,19,56.27,14.64,0.15,60,normal
CELL060101,ST0601,KHA,KV2,2026-08-20-21,1787234400000,99.85,3.97,1.15,71.46,13.8,119,115,89,85,50.03,19.98,0.03,68,normal
CELL060101,ST0601,KHA,KV2,2026-08-20-22,1787238000000,99.82,2.64,0.76,47.52,9.12,165,164,34,31,60.55,12.85,0.04,51,normal
CELL060101,ST0601,KHA,KV2,2026-08-20-23,1787241600000,99.24,1.43,0.4,25.74,4.8,213,208,60,58,28.23,17.14,0.05,134,normal
CELL060102,ST0601,KHA,KV2,2026-08-18-00,1786986000000,99.63,1.08,0.35,19.44,4.2,142,136,51,49,23.81,16.4,0.09,93,normal
CELL060102,ST0601,KHA,KV2,2026-08-18-01,1786989600000,99.5,1.02,0.27,18.36,3.24,161,157,90,90,21.6,23.02,0.17,115,normal
CELL060102,ST0601,KHA,KV2,2026-08-18-02,1786993200000,99.62,1.34,0.38,24.12,4.56,179,178,39,39,23.32,12.67,0.19,78,normal
CELL060102,ST0601,KHA,KV2,2026-08-18-03,1786996800000,99.48,0.94,0.29,16.92,3.48,212,208,30,29,19.22,27.38,0.18,144,normal
CELL060102,ST0601,KHA,KV2,2026-08-18-04,1787000400000,99.4,1.26,0.32,22.68,3.84,215,210,56,52,11.56,23.05,0.16,41,normal
CELL060102,ST0601,KHA,KV2,2026-08-18-05,1787004000000,99.66,0.87,0.2,15.66,2.4,74,70,80,79,19.64,19.92,0.15,55,normal
CELL060102,ST0601,KHA,KV2,2026-08-18-06,1787007600000,99.91,1.24,0.34,22.32,4.08,94,92,23,21,20.46,15.75,0.14,85,normal
CELL060102,ST0601,KHA,KV2,2026-08-18-07,1787011200000,99.81,1.65,0.49,29.7,5.88,118,115,82,80,34.02,12.53,0.06,105,normal
CELL060102,ST0601,KHA,KV2,2026-08-18-08,1787014800000,99.51,2.15,0.6,38.7,7.2,131,126,89,87,42.31,21.93,0.12,140,normal
CELL060102,ST0601,KHA,KV2,2026-08-18-09,1787018400000,99.72,2.57,0.82,46.26,9.84,143,142,40,37,36.21,22.8,0.02,151,normal
CELL060102,ST0601,KHA,KV2,2026-08-18-10,1787022000000,99.73,1.76,0.55,31.68,6.6,172,170,63,59,34.71,13.43,0.03,110,normal
CELL060102,ST0601,KHA,KV2,2026-08-18-11,1787025600000,99.33,2.09,0.53,37.62,6.36,118,113,41,37,35.3,27.28,0.03,114,normal
CELL060102,ST0601,KHA,KV2,2026-08-18-12,1787029200000,99.57,1.97,0.63,35.46,7.56,100,99,81,81,34.92,13.0,0.1,121,normal
CELL060102,ST0601,KHA,KV2,2026-08-18-13,1787032800000,99.59,1.39,0.37,25.02,4.44,200,196,36,35,32.65,22.12,0.08,88,normal
CELL060102,ST0601,KHA,KV2,2026-08-18-14,1787036400000,99.84,1.82,0.42,32.76,5.04,212,209,88,86,38.32,17.54,0.02,150,normal
CELL060102,ST0601,KHA,KV2,2026-08-18-15,1787040000000,99.91,1.77,0.5,31.86,6.0,155,152,31,28,40.78,21.26,0.2,138,normal
CELL060102,ST0601,KHA,KV2,2026-08-18-16,1787043600000,99.55,2.24,0.76,40.32,9.12,203,198,53,49,28.72,15.26,0.17,71,normal
CELL060102,ST0601,KHA,KV2,2026-08-18-17,1787047200000,99.55,2.43,0.87,43.74,10.44,108,103,56,55,35.18,12.21,0.02,31,normal
CELL060102,ST0601,KHA,KV2,2026-08-18-18,1787050800000,99.98,3.81,1.36,68.58,16.32,74,70,64,60,57.96,18.92,0.07,103,normal
CELL060102,ST0601,KHA,KV2,2026-08-18-19,1787054400000,99.33,2.74,0.93,49.32,11.16,155,152,50,48,61.89,15.92,0.09,103,normal
CELL060102,ST0601,KHA,KV2,2026-08-18-20,1787058000000,99.52,3.5,1.03,63.0,12.36,140,134,57,57,55.91,12.14,0.2,121,normal
CELL060102,ST0601,KHA,KV2,2026-08-18-21,1787061600000,99.45,3.26,1.1,58.68,13.2,99,93,88,84,51.59,27.9,0.19,70,normal
CELL060102,ST0601,KHA,KV2,2026-08-18-22,1787065200000,99.46,3.21,0.99,57.78,11.88,213,207,78,78,51.54,12.68,0.03,99,normal
CELL060102,ST0601,KHA,KV2,2026-08-18-23,1787068800000,99.27,1.73,0.52,31.14,6.24,71,68,77,75,35.59,29.55,0.17,60,normal
CELL060102,ST0601,KHA,KV2,2026-08-19-00,1787072400000,99.46,1.4,0.32,25.2,3.84,187,183,53,53,15.2,14.98,0.04,33,normal
CELL060102,ST0601,KHA,KV2,2026-08-19-01,1787076000000,99.79,1.38,0.43,24.84,5.16,159,157,85,85,11.69,28.8,0.11,75,normal
CELL060102,ST0601,KHA,KV2,2026-08-19-02,1787079600000,99.9,0.79,0.23,14.22,2.76,121,116,60,58,26.27,21.66,0.06,70,normal
CELL060102,ST0601,KHA,KV2,2026-08-19-03,1787083200000,99.44,1.29,0.35,23.22,4.2,187,182,40,36,27.18,23.72,0.09,105,normal
CELL060102,ST0601,KHA,KV2,2026-08-19-04,1787086800000,99.97,1.14,0.28,20.52,3.36,139,133,81,77,26.97,16.86,0.04,121,normal
CELL060102,ST0601,KHA,KV2,2026-08-19-05,1787090400000,99.38,1.22,0.46,21.96,5.52,143,140,36,36,11.54,18.67,0.2,110,normal
CELL060102,ST0601,KHA,KV2,2026-08-19-06,1787094000000,99.62,1.14,0.4,20.52,4.8,103,102,85,85,17.87,23.34,0.07,110,normal
CELL060102,ST0601,KHA,KV2,2026-08-19-07,1787097600000,99.54,1.73,0.41,31.14,4.92,83,79,22,21,28.54,13.8,0.12,84,normal
CELL060102,ST0601,KHA,KV2,2026-08-19-08,1787101200000,99.75,1.37,0.47,24.66,5.64,148,146,49,48,42.36,22.43,0.07,157,normal
CELL060102,ST0601,KHA,KV2,2026-08-19-09,1787104800000,99.69,1.48,0.5,26.64,6.0,122,119,29,25,42.57,29.69,0.04,143,normal
CELL060102,ST0601,KHA,KV2,2026-08-19-10,1787108400000,99.64,2.26,0.56,40.68,6.72,161,160,46,42,36.88,17.17,0.07,90,normal
CELL060102,ST0601,KHA,KV2,2026-08-19-11,1787112000000,99.28,1.38,0.39,24.84,4.68,169,164,64,60,36.49,23.31,0.04,117,normal
CELL060102,ST0601,KHA,KV2,2026-08-19-12,1787115600000,99.77,2.23,0.68,40.14,8.16,204,203,87,85,42.47,20.17,0.13,42,normal
CELL060102,ST0601,KHA,KV2,2026-08-19-13,1787119200000,99.27,1.67,0.49,30.06,5.88,82,76,42,38,40.4,12.02,0.16,104,normal
CELL060102,ST0601,KHA,KV2,2026-08-19-14,1787122800000,99.84,2.47,0.75,44.46,9.0,114,113,49,46,28.2,29.43,0.13,109,normal
CELL060102,ST0601,KHA,KV2,2026-08-19-15,1787126400000,99.72,1.37,0.34,24.66,4.08,137,135,61,58,38.74,14.69,0.12,64,normal
CELL060102,ST0601,KHA,KV2,2026-08-19-16,1787130000000,99.81,1.95,0.47,35.1,5.64,73,72,40,39,31.46,23.25,0.09,94,normal
CELL060102,ST0601,KHA,KV2,2026-08-19-17,1787133600000,99.69,1.76,0.55,31.68,6.6,120,119,51,47,32.5,17.56,0.11,51,normal
CELL060102,ST0601,KHA,KV2,2026-08-19-18,1787137200000,99.76,2.12,0.52,38.16,6.24,218,217,47,45,58.55,24.23,0.11,44,normal
CELL060102,ST0601,KHA,KV2,2026-08-19-19,1787140800000,99.97,2.45,0.7,44.1,8.4,122,116,31,27,56.19,24.15,0.14,93,normal
CELL060102,ST0601,KHA,KV2,2026-08-19-20,1787144400000,99.74,3.74,0.89,67.32,10.68,119,115,30,30,62.21,24.46,0.13,122,normal
CELL060102,ST0601,KHA,KV2,2026-08-19-21,1787148000000,99.96,3.97,1.23,71.46,14.76,203,197,63,60,54.13,18.68,0.11,98,normal
CELL060102,ST0601,KHA,KV2,2026-08-19-22,1787151600000,99.91,3.42,1.12,61.56,13.44,98,93,48,48,52.15,29.66,0.18,111,normal
CELL060102,ST0601,KHA,KV2,2026-08-19-23,1787155200000,99.81,1.91,0.69,34.38,8.28,122,120,77,74,30.16,18.93,0.05,104,normal
CELL060102,ST0601,KHA,KV2,2026-08-20-00,1787158800000,99.69,0.98,0.35,17.64,4.2,165,159,20,16,15.76,29.44,0.07,70,normal
CELL060102,ST0601,KHA,KV2,2026-08-20-01,1787162400000,99.59,1.34,0.42,24.12,5.04,75,72,50,50,13.03,15.14,0.07,153,normal
CELL060102,ST0601,KHA,KV2,2026-08-20-02,1787166000000,99.23,0.74,0.21,13.32,2.52,130,128,26,25,25.74,29.74,0.06,97,normal
CELL060102,ST0601,KHA,KV2,2026-08-20-03,1787169600000,99.29,1.23,0.4,22.14,4.8,201,195,30,30,13.85,12.06,0.11,91,normal
CELL060102,ST0601,KHA,KV2,2026-08-20-04,1787173200000,99.76,1.03,0.23,18.54,2.76,208,207,25,23,17.26,21.64,0.12,136,normal
CELL060102,ST0601,KHA,KV2,2026-08-20-05,1787176800000,99.41,1.42,0.32,25.56,3.84,146,145,30,28,11.97,25.75,0.12,99,normal
CELL060102,ST0601,KHA,KV2,2026-08-20-06,1787180400000,99.7,1.26,0.28,22.68,3.36,214,213,62,60,13.17,14.53,0.09,83,normal
CELL060102,ST0601,KHA,KV2,2026-08-20-07,1787184000000,99.42,2.56,0.79,46.08,9.48,143,142,23,19,31.64,25.21,0.16,86,normal
CELL060102,ST0601,KHA,KV2,2026-08-20-08,1787187600000,99.52,1.61,0.47,28.98,5.64,182,178,64,61,38.03,22.63,0.11,35,normal
CELL060102,ST0601,KHA,KV2,2026-08-20-09,1787191200000,99.24,1.77,0.62,31.86,7.44,189,185,72,68,38.92,22.03,0.15,120,normal
CELL060102,ST0601,KHA,KV2,2026-08-20-10,1787194800000,99.62,2.25,0.51,40.5,6.12,141,135,55,53,38.9,25.13,0.06,50,normal
CELL060102,ST0601,KHA,KV2,2026-08-20-11,1787198400000,99.92,2.05,0.55,36.9,6.6,211,209,58,54,31.09,12.2,0.2,40,normal
CELL060102,ST0601,KHA,KV2,2026-08-20-12,1787202000000,99.57,1.71,0.4,30.78,4.8,101,97,70,67,34.11,18.92,0.09,39,normal
CELL060102,ST0601,KHA,KV2,2026-08-20-13,1787205600000,99.66,1.6,0.46,28.8,5.52,120,117,49,47,31.68,12.58,0.07,149,normal
CELL060102,ST0601,KHA,KV2,2026-08-20-14,1787209200000,99.89,1.94,0.61,34.92,7.32,220,217,59,56,39.2,12.52,0.15,63,normal
CELL060102,ST0601,KHA,KV2,2026-08-20-15,1787212800000,99.63,1.47,0.45,26.46,5.4,139,137,54,51,27.66,22.93,0.13,153,normal
CELL060102,ST0601,KHA,KV2,2026-08-20-16,1787216400000,99.51,2.34,0.8,42.12,9.6,182,179,38,38,41.79,27.27,0.07,106,normal
CELL060102,ST0601,KHA,KV2,2026-08-20-17,1787220000000,99.73,1.69,0.44,30.42,5.28,120,114,40,38,33.72,28.77,0.14,98,normal
CELL060102,ST0601,KHA,KV2,2026-08-20-18,1787223600000,99.93,2.95,0.92,53.1,11.04,111,108,89,87,61.33,27.19,0.12,107,normal
CELL060102,ST0601,KHA,KV2,2026-08-20-19,1787227200000,99.93,2.97,0.99,53.46,11.88,193,189,26,22,48.43,14.46,0.04,50,normal
CELL060102,ST0601,KHA,KV2,2026-08-20-20,1787230800000,99.42,2.29,0.54,41.22,6.48,74,72,84,84,57.72,21.73,0.11,48,normal
CELL060102,ST0601,KHA,KV2,2026-08-20-21,1787234400000,99.75,2.07,0.77,37.26,9.24,186,184,75,71,59.14,17.54,0.19,64,normal
CELL060102,ST0601,KHA,KV2,2026-08-20-22,1787238000000,99.78,3.97,1.29,71.46,15.48,99,97,47,46,50.97,21.52,0.09,153,normal
CELL060102,ST0601,KHA,KV2,2026-08-20-23,1787241600000,99.62,1.73,0.58,31.14,6.96,202,200,60,60,42.1,18.72,0.09,42,normal
CELL060201,ST0602,KHA,KV2,2026-08-18-00,1786986000000,99.61,0.98,0.24,17.64,2.88,130,129,51,47,14.72,16.35,0.08,128,normal
CELL060201,ST0602,KHA,KV2,2026-08-18-01,1786989600000,99.68,1.37,0.52,24.66,6.24,79,76,21,19,26.01,13.85,0.02,127,normal
CELL060201,ST0602,KHA,KV2,2026-08-18-02,1786993200000,99.93,1.18,0.38,21.24,4.56,87,86,30,30,25.02,19.9,0.05,160,normal
CELL060201,ST0602,KHA,KV2,2026-08-18-03,1786996800000,99.49,0.72,0.23,12.96,2.76,193,192,20,20,19.17,14.03,0.15,119,normal
CELL060201,ST0602,KHA,KV2,2026-08-18-04,1787000400000,99.99,1.11,0.35,19.98,4.2,190,185,75,75,22.05,25.44,0.19,40,normal
CELL060201,ST0602,KHA,KV2,2026-08-18-05,1787004000000,99.21,1.4,0.37,25.2,4.44,114,113,56,54,13.14,19.88,0.19,59,normal
CELL060201,ST0602,KHA,KV2,2026-08-18-06,1787007600000,99.29,1.26,0.32,22.68,3.84,100,94,85,83,22.55,27.13,0.15,58,normal
CELL060201,ST0602,KHA,KV2,2026-08-18-07,1787011200000,99.87,2.25,0.75,40.5,9.0,149,146,57,57,28.99,26.96,0.18,84,normal
CELL060201,ST0602,KHA,KV2,2026-08-18-08,1787014800000,99.27,1.58,0.57,28.44,6.84,140,136,28,25,35.16,19.18,0.03,113,normal
CELL060201,ST0602,KHA,KV2,2026-08-18-09,1787018400000,99.27,2.17,0.48,39.06,5.76,133,131,56,52,35.27,27.28,0.06,117,normal
CELL060201,ST0602,KHA,KV2,2026-08-18-10,1787022000000,99.32,1.42,0.35,25.56,4.2,76,75,31,31,40.17,14.03,0.07,139,normal
CELL060201,ST0602,KHA,KV2,2026-08-18-11,1787025600000,99.48,2.25,0.55,40.5,6.6,197,195,44,43,35.25,20.59,0.08,94,normal
CELL060201,ST0602,KHA,KV2,2026-08-18-12,1787029200000,99.92,2.2,0.57,39.6,6.84,163,158,69,66,37.16,25.39,0.19,113,normal
CELL060201,ST0602,KHA,KV2,2026-08-18-13,1787032800000,99.91,1.36,0.46,24.48,5.52,105,100,33,30,37.7,25.93,0.13,155,normal
CELL060201,ST0602,KHA,KV2,2026-08-18-14,1787036400000,99.27,1.32,0.49,23.76,5.88,148,144,30,29,42.83,18.05,0.09,135,normal
CELL060201,ST0602,KHA,KV2,2026-08-18-15,1787040000000,99.48,1.97,0.47,35.46,5.64,191,188,34,34,30.12,12.71,0.02,127,normal
CELL060201,ST0602,KHA,KV2,2026-08-18-16,1787043600000,99.54,2.02,0.7,36.36,8.4,108,105,24,21,37.24,19.71,0.08,105,normal
CELL060201,ST0602,KHA,KV2,2026-08-18-17,1787047200000,99.29,2.38,0.81,42.84,9.72,102,98,66,64,27.82,26.17,0.12,60,normal
CELL060201,ST0602,KHA,KV2,2026-08-18-18,1787050800000,99.79,3.39,0.84,61.02,10.08,73,68,64,64,56.89,29.87,0.08,89,normal
CELL060201,ST0602,KHA,KV2,2026-08-18-19,1787054400000,99.85,3.81,1.08,68.58,12.96,96,90,36,33,53.41,25.07,0.05,101,normal
CELL060201,ST0602,KHA,KV2,2026-08-18-20,1787058000000,99.91,2.62,0.94,47.16,11.28,137,132,37,34,48.24,13.88,0.17,59,normal
CELL060201,ST0602,KHA,KV2,2026-08-18-21,1787061600000,99.36,3.07,1.17,55.26,14.04,156,154,51,47,52.62,12.81,0.09,157,normal
CELL060201,ST0602,KHA,KV2,2026-08-18-22,1787065200000,99.85,2.51,0.86,45.18,10.32,82,76,25,22,49.02,13.04,0.13,136,normal
CELL060201,ST0602,KHA,KV2,2026-08-18-23,1787068800000,99.73,2.49,0.94,44.82,11.28,193,187,77,74,38.75,24.12,0.11,53,normal
CELL060201,ST0602,KHA,KV2,2026-08-19-00,1787072400000,99.85,1.4,0.39,25.2,4.68,166,160,24,22,13.22,21.84,0.04,107,normal
CELL060201,ST0602,KHA,KV2,2026-08-19-01,1787076000000,99.28,0.74,0.22,13.32,2.64,79,75,40,37,13.96,24.04,0.16,150,normal
CELL060201,ST0602,KHA,KV2,2026-08-19-02,1787079600000,99.63,1.25,0.43,22.5,5.16,194,188,87,84,25.1,28.28,0.19,82,normal
CELL060201,ST0602,KHA,KV2,2026-08-19-03,1787083200000,99.94,1.0,0.38,18.0,4.56,77,74,21,21,22.66,19.92,0.18,99,normal
CELL060201,ST0602,KHA,KV2,2026-08-19-04,1787086800000,99.22,1.1,0.25,19.8,3.0,214,211,53,50,19.86,22.52,0.04,36,normal
CELL060201,ST0602,KHA,KV2,2026-08-19-05,1787090400000,99.74,1.29,0.34,23.22,4.08,124,120,25,23,24.31,21.24,0.15,99,normal
CELL060201,ST0602,KHA,KV2,2026-08-19-06,1787094000000,99.67,1.26,0.38,22.68,4.56,192,187,38,36,13.11,27.36,0.03,57,normal
CELL060201,ST0602,KHA,KV2,2026-08-19-07,1787097600000,99.5,2.04,0.51,36.72,6.12,193,187,49,48,33.66,24.16,0.01,146,normal
CELL060201,ST0602,KHA,KV2,2026-08-19-08,1787101200000,99.93,2.55,0.62,45.9,7.44,185,179,21,21,32.03,14.38,0.1,110,normal
CELL060201,ST0602,KHA,KV2,2026-08-19-09,1787104800000,99.78,2.59,0.93,46.62,11.16,107,101,50,48,42.69,13.45,0.06,72,normal
CELL060201,ST0602,KHA,KV2,2026-08-19-10,1787108400000,99.56,1.48,0.45,26.64,5.4,185,183,89,86,40.14,28.99,0.16,105,normal
CELL060201,ST0602,KHA,KV2,2026-08-19-11,1787112000000,99.82,2.19,0.67,39.42,8.04,148,142,73,72,39.8,14.72,0.12,101,normal
CELL060201,ST0602,KHA,KV2,2026-08-19-12,1787115600000,99.83,1.8,0.58,32.4,6.96,120,115,86,83,35.67,24.15,0.12,55,normal
CELL060201,ST0602,KHA,KV2,2026-08-19-13,1787119200000,99.76,1.7,0.5,30.6,6.0,127,123,86,85,33.19,18.56,0.03,142,normal
CELL060201,ST0602,KHA,KV2,2026-08-19-14,1787122800000,99.28,1.52,0.49,27.36,5.88,129,123,49,48,42.96,16.1,0.15,80,normal
CELL060201,ST0602,KHA,KV2,2026-08-19-15,1787126400000,99.65,2.39,0.76,43.02,9.12,204,198,67,63,31.09,28.64,0.18,131,normal
CELL060201,ST0602,KHA,KV2,2026-08-19-16,1787130000000,99.59,1.47,0.4,26.46,4.8,150,148,89,86,30.62,14.69,0.03,115,normal
CELL060201,ST0602,KHA,KV2,2026-08-19-17,1787133600000,99.74,2.1,0.77,37.8,9.24,136,131,64,60,37.85,25.35,0.13,48,normal
CELL060201,ST0602,KHA,KV2,2026-08-19-18,1787137200000,99.71,3.87,0.89,69.66,10.68,108,104,56,55,52.6,14.53,0.11,82,normal
CELL060201,ST0602,KHA,KV2,2026-08-19-19,1787140800000,99.39,3.23,1.2,58.14,14.4,182,178,20,16,54.7,19.32,0.05,33,normal
CELL060201,ST0602,KHA,KV2,2026-08-19-20,1787144400000,99.99,2.56,0.92,46.08,11.04,170,169,55,55,49.55,26.72,0.14,38,normal
CELL060201,ST0602,KHA,KV2,2026-08-19-21,1787148000000,99.66,3.65,1.31,65.7,15.72,189,187,68,68,58.14,22.47,0.07,126,normal
CELL060201,ST0602,KHA,KV2,2026-08-19-22,1787151600000,99.4,3.35,1.01,60.3,12.12,108,106,79,77,51.59,21.81,0.12,103,normal
CELL060201,ST0602,KHA,KV2,2026-08-19-23,1787155200000,99.33,2.31,0.59,41.58,7.08,109,108,48,47,42.8,28.03,0.13,37,normal
CELL060201,ST0602,KHA,KV2,2026-08-20-00,1787158800000,99.53,1.0,0.36,18.0,4.32,212,209,79,76,19.51,28.14,0.1,67,normal
CELL060201,ST0602,KHA,KV2,2026-08-20-01,1787162400000,99.64,1.2,0.31,21.6,3.72,199,193,46,43,11.55,16.72,0.11,36,normal
CELL060201,ST0602,KHA,KV2,2026-08-20-02,1787166000000,99.94,1.29,0.42,23.22,5.04,144,139,40,36,26.29,15.56,0.01,37,normal
CELL060201,ST0602,KHA,KV2,2026-08-20-03,1787169600000,99.33,0.79,0.21,14.22,2.52,90,88,52,48,21.31,20.69,0.17,109,normal
CELL060201,ST0602,KHA,KV2,2026-08-20-04,1787173200000,99.26,1.2,0.45,21.6,5.4,157,151,56,54,24.67,17.05,0.08,111,normal
CELL060201,ST0602,KHA,KV2,2026-08-20-05,1787176800000,99.68,1.35,0.34,24.3,4.08,162,156,77,74,19.6,12.32,0.18,67,normal
CELL060201,ST0602,KHA,KV2,2026-08-20-06,1787180400000,99.95,1.06,0.33,19.08,3.96,157,153,68,64,24.61,26.1,0.06,104,normal
CELL060201,ST0602,KHA,KV2,2026-08-20-07,1787184000000,99.68,2.14,0.51,38.52,6.12,179,176,64,64,34.89,20.48,0.12,139,normal
CELL060201,ST0602,KHA,KV2,2026-08-20-08,1787187600000,99.38,1.45,0.37,26.1,4.44,89,83,62,59,42.32,26.7,0.09,73,normal
CELL060201,ST0602,KHA,KV2,2026-08-20-09,1787191200000,99.49,2.39,0.69,43.02,8.28,138,137,66,62,42.01,12.02,0.09,81,normal
CELL060201,ST0602,KHA,KV2,2026-08-20-10,1787194800000,99.98,1.87,0.54,33.66,6.48,112,110,40,36,36.95,24.1,0.18,89,normal
CELL060201,ST0602,KHA,KV2,2026-08-20-11,1787198400000,99.95,1.86,0.63,33.48,7.56,111,109,62,62,41.17,23.85,0.12,69,normal
CELL060201,ST0602,KHA,KV2,2026-08-20-12,1787202000000,99.81,1.55,0.5,27.9,6.0,208,203,90,88,31.63,26.89,0.1,131,normal
CELL060201,ST0602,KHA,KV2,2026-08-20-13,1787205600000,99.99,1.59,0.38,28.62,4.56,100,96,39,38,31.12,17.73,0.13,120,normal
CELL060201,ST0602,KHA,KV2,2026-08-20-14,1787209200000,99.86,2.27,0.61,40.86,7.32,211,209,79,75,35.73,18.44,0.07,159,normal
CELL060201,ST0602,KHA,KV2,2026-08-20-15,1787212800000,99.25,1.62,0.4,29.16,4.8,133,131,80,80,39.3,28.9,0.02,74,normal
CELL060201,ST0602,KHA,KV2,2026-08-20-16,1787216400000,99.91,2.3,0.8,41.4,9.6,70,69,90,88,40.39,17.98,0.18,45,normal
CELL060201,ST0602,KHA,KV2,2026-08-20-17,1787220000000,99.82,2.28,0.65,41.04,7.8,121,115,77,73,38.27,13.38,0.07,130,normal
CELL060201,ST0602,KHA,KV2,2026-08-20-18,1787223600000,99.27,3.87,1.16,69.66,13.92,109,104,85,81,53.1,12.19,0.09,110,normal
CELL060201,ST0602,KHA,KV2,2026-08-20-19,1787227200000,99.5,3.59,0.95,64.62,11.4,166,160,56,53,59.73,28.02,0.16,157,normal
CELL060201,ST0602,KHA,KV2,2026-08-20-20,1787230800000,99.59,2.67,0.73,48.06,8.76,121,115,77,75,51.03,23.68,0.16,98,normal
CELL060201,ST0602,KHA,KV2,2026-08-20-21,1787234400000,99.53,2.18,0.83,39.24,9.96,91,85,61,57,47.3,23.82,0.15,157,normal
CELL060201,ST0602,KHA,KV2,2026-08-20-22,1787238000000,99.76,3.89,0.93,70.02,11.16,80,78,25,24,52.32,14.89,0.03,79,normal
CELL060201,ST0602,KHA,KV2,2026-08-20-23,1787241600000,99.22,1.79,0.46,32.22,5.52,156,151,37,35,40.95,18.11,0.08,74,normal
CELL060202,ST0602,KHA,KV2,2026-08-18-00,1786986000000,99.74,1.31,0.3,23.58,3.6,110,106,77,77,26.27,26.43,0.05,107,normal
CELL060202,ST0602,KHA,KV2,2026-08-18-01,1786989600000,99.73,0.75,0.21,13.5,2.52,85,80,31,29,16.74,22.52,0.19,88,normal
CELL060202,ST0602,KHA,KV2,2026-08-18-02,1786993200000,99.72,1.33,0.32,23.94,3.84,146,145,75,72,23.33,21.26,0.13,101,normal
CELL060202,ST0602,KHA,KV2,2026-08-18-03,1786996800000,99.67,1.3,0.33,23.4,3.96,76,73,41,40,26.83,21.87,0.07,56,normal
CELL060202,ST0602,KHA,KV2,2026-08-18-04,1787000400000,99.26,0.94,0.24,16.92,2.88,132,130,64,62,12.34,20.67,0.03,60,normal
CELL060202,ST0602,KHA,KV2,2026-08-18-05,1787004000000,99.48,1.22,0.41,21.96,4.92,177,174,69,67,20.28,22.47,0.09,60,normal
CELL060202,ST0602,KHA,KV2,2026-08-18-06,1787007600000,99.65,1.18,0.33,21.24,3.96,156,154,88,87,14.01,24.75,0.05,39,normal
CELL060202,ST0602,KHA,KV2,2026-08-18-07,1787011200000,99.22,2.2,0.71,39.6,8.52,123,120,50,48,27.13,29.3,0.11,85,normal
CELL060202,ST0602,KHA,KV2,2026-08-18-08,1787014800000,99.43,1.96,0.57,35.28,6.84,207,204,69,65,31.95,19.22,0.09,60,normal
CELL060202,ST0602,KHA,KV2,2026-08-18-09,1787018400000,99.36,2.09,0.51,37.62,6.12,182,179,21,18,32.68,15.48,0.14,47,normal
CELL060202,ST0602,KHA,KV2,2026-08-18-10,1787022000000,99.47,2.42,0.63,43.56,7.56,104,98,71,69,37.03,28.32,0.04,130,normal
CELL060202,ST0602,KHA,KV2,2026-08-18-11,1787025600000,99.37,1.83,0.58,32.94,6.96,110,108,52,51,42.21,24.48,0.03,107,normal
CELL060202,ST0602,KHA,KV2,2026-08-18-12,1787029200000,99.66,2.11,0.62,37.98,7.44,160,155,39,36,30.35,13.58,0.09,92,normal
CELL060202,ST0602,KHA,KV2,2026-08-18-13,1787032800000,99.45,1.8,0.47,32.4,5.64,79,74,40,38,29.76,20.66,0.14,92,normal
CELL060202,ST0602,KHA,KV2,2026-08-18-14,1787036400000,99.34,1.44,0.42,25.92,5.04,190,188,79,76,38.41,28.49,0.11,108,normal
CELL060202,ST0602,KHA,KV2,2026-08-18-15,1787040000000,99.6,2.39,0.58,43.02,6.96,135,130,38,34,28.87,15.43,0.05,31,normal
CELL060202,ST0602,KHA,KV2,2026-08-18-16,1787043600000,99.74,1.77,0.6,31.86,7.2,200,198,41,38,42.69,14.46,0.02,43,normal
CELL060202,ST0602,KHA,KV2,2026-08-18-17,1787047200000,99.94,1.46,0.47,26.28,5.64,156,151,21,17,32.06,29.27,0.08,93,normal
CELL060202,ST0602,KHA,KV2,2026-08-18-18,1787050800000,99.95,4.01,0.94,72.18,11.28,110,106,84,81,51.16,21.31,0.02,83,normal
CELL060202,ST0602,KHA,KV2,2026-08-18-19,1787054400000,99.38,3.75,1.16,67.5,13.92,196,194,66,62,51.95,23.41,0.16,98,normal
CELL060202,ST0602,KHA,KV2,2026-08-18-20,1787058000000,99.8,3.26,1.23,58.68,14.76,150,146,70,68,54.63,24.57,0.15,140,normal
CELL060202,ST0602,KHA,KV2,2026-08-18-21,1787061600000,99.64,2.5,0.63,45.0,7.56,169,166,37,37,53.81,15.23,0.13,30,normal
CELL060202,ST0602,KHA,KV2,2026-08-18-22,1787065200000,99.75,4.03,1.35,72.54,16.2,140,139,50,47,47.11,16.43,0.12,156,normal
CELL060202,ST0602,KHA,KV2,2026-08-18-23,1787068800000,99.87,2.24,0.83,40.32,9.96,92,90,33,30,37.68,19.75,0.1,134,normal
CELL060202,ST0602,KHA,KV2,2026-08-19-00,1787072400000,99.71,0.98,0.29,17.64,3.48,201,195,42,38,12.75,24.86,0.02,63,normal
CELL060202,ST0602,KHA,KV2,2026-08-19-01,1787076000000,99.32,1.33,0.48,23.94,5.76,81,80,35,31,18.28,17.1,0.14,84,normal
CELL060202,ST0602,KHA,KV2,2026-08-19-02,1787079600000,99.51,1.06,0.38,19.08,4.56,175,172,82,81,22.63,27.59,0.09,127,normal
CELL060202,ST0602,KHA,KV2,2026-08-19-03,1787083200000,99.55,1.17,0.44,21.06,5.28,107,102,63,62,16.17,23.16,0.15,74,normal
CELL060202,ST0602,KHA,KV2,2026-08-19-04,1787086800000,99.7,0.98,0.31,17.64,3.72,129,123,37,34,19.72,20.59,0.12,38,normal
CELL060202,ST0602,KHA,KV2,2026-08-19-05,1787090400000,99.84,0.79,0.25,14.22,3.0,146,144,64,61,18.55,24.5,0.03,102,normal
CELL060202,ST0602,KHA,KV2,2026-08-19-06,1787094000000,99.66,1.41,0.5,25.38,6.0,118,113,54,50,17.25,18.35,0.12,41,normal
CELL060202,ST0602,KHA,KV2,2026-08-19-07,1787097600000,99.73,2.47,0.58,44.46,6.96,209,205,71,67,38.85,27.43,0.17,134,normal
CELL060202,ST0602,KHA,KV2,2026-08-19-08,1787101200000,99.72,1.58,0.51,28.44,6.12,147,145,47,43,40.3,29.98,0.09,35,normal
CELL060202,ST0602,KHA,KV2,2026-08-19-09,1787104800000,99.8,1.6,0.47,28.8,5.64,171,165,57,55,40.66,19.67,0.02,48,normal
CELL060202,ST0602,KHA,KV2,2026-08-19-10,1787108400000,99.31,1.7,0.42,30.6,5.04,145,144,58,55,38.39,14.02,0.07,139,normal
CELL060202,ST0602,KHA,KV2,2026-08-19-11,1787112000000,99.61,2.01,0.7,36.18,8.4,102,98,59,57,41.89,19.44,0.12,116,normal
CELL060202,ST0602,KHA,KV2,2026-08-19-12,1787115600000,99.9,2.11,0.48,37.98,5.76,121,119,50,50,33.75,13.53,0.14,82,normal
CELL060202,ST0602,KHA,KV2,2026-08-19-13,1787119200000,99.41,1.45,0.48,26.1,5.76,156,155,48,47,27.21,27.86,0.1,123,normal
CELL060202,ST0602,KHA,KV2,2026-08-19-14,1787122800000,99.53,2.24,0.69,40.32,8.28,175,171,82,81,29.16,22.94,0.13,63,normal
CELL060202,ST0602,KHA,KV2,2026-08-19-15,1787126400000,99.51,2.09,0.49,37.62,5.88,162,157,79,78,34.18,25.66,0.09,136,normal
CELL060202,ST0602,KHA,KV2,2026-08-19-16,1787130000000,99.31,2.3,0.51,41.4,6.12,81,76,59,55,31.1,27.05,0.02,38,normal
CELL060202,ST0602,KHA,KV2,2026-08-19-17,1787133600000,99.72,1.75,0.43,31.5,5.16,197,194,26,25,41.6,21.19,0.18,118,normal
CELL060202,ST0602,KHA,KV2,2026-08-19-18,1787137200000,99.27,3.32,1.21,59.76,14.52,183,178,61,59,57.87,19.11,0.16,146,normal
CELL060202,ST0602,KHA,KV2,2026-08-19-19,1787140800000,99.44,2.2,0.54,39.6,6.48,200,197,25,21,50.12,26.12,0.04,35,normal
CELL060202,ST0602,KHA,KV2,2026-08-19-20,1787144400000,99.46,3.19,0.9,57.42,10.8,180,174,27,26,49.9,21.93,0.14,37,normal
CELL060202,ST0602,KHA,KV2,2026-08-19-21,1787148000000,99.7,2.84,0.94,51.12,11.28,97,96,36,32,59.71,28.86,0.07,117,normal
CELL060202,ST0602,KHA,KV2,2026-08-19-22,1787151600000,99.74,2.19,0.5,39.42,6.0,172,168,66,65,54.29,22.49,0.06,93,normal
CELL060202,ST0602,KHA,KV2,2026-08-19-23,1787155200000,99.92,1.97,0.74,35.46,8.88,80,78,63,62,30.95,20.39,0.04,84,normal
CELL060202,ST0602,KHA,KV2,2026-08-20-00,1787158800000,99.26,1.22,0.44,21.96,5.28,177,175,83,82,21.98,17.01,0.06,119,normal
CELL060202,ST0602,KHA,KV2,2026-08-20-01,1787162400000,99.76,1.25,0.4,22.5,4.8,140,138,29,29,12.26,23.82,0.02,97,normal
CELL060202,ST0602,KHA,KV2,2026-08-20-02,1787166000000,99.92,1.33,0.48,23.94,5.76,170,166,89,88,23.76,25.55,0.11,106,normal
CELL060202,ST0602,KHA,KV2,2026-08-20-03,1787169600000,99.93,1.14,0.39,20.52,4.68,93,91,75,71,20.83,18.56,0.14,110,normal
CELL060202,ST0602,KHA,KV2,2026-08-20-04,1787173200000,99.95,1.1,0.37,19.8,4.44,218,212,58,55,15.17,23.7,0.08,130,normal
CELL060202,ST0602,KHA,KV2,2026-08-20-05,1787176800000,99.49,0.94,0.29,16.92,3.48,159,153,24,24,23.06,16.02,0.17,115,normal
CELL060202,ST0602,KHA,KV2,2026-08-20-06,1787180400000,99.83,1.17,0.35,21.06,4.2,128,122,55,52,16.05,22.27,0.15,36,normal
CELL060202,ST0602,KHA,KV2,2026-08-20-07,1787184000000,99.51,1.66,0.5,29.88,6.0,207,203,50,46,31.2,19.73,0.12,94,normal
CELL060202,ST0602,KHA,KV2,2026-08-20-08,1787187600000,99.33,1.68,0.56,30.24,6.72,166,162,65,64,34.08,28.23,0.15,72,normal
CELL060202,ST0602,KHA,KV2,2026-08-20-09,1787191200000,99.42,2.08,0.76,37.44,9.12,143,142,40,39,27.67,26.51,0.13,51,normal
CELL060202,ST0602,KHA,KV2,2026-08-20-10,1787194800000,99.34,2.32,0.61,41.76,7.32,176,170,85,85,33.52,12.93,0.02,36,normal
CELL060202,ST0602,KHA,KV2,2026-08-20-11,1787198400000,99.7,2.05,0.48,36.9,5.76,131,128,47,47,34.8,12.48,0.1,108,normal
CELL060202,ST0602,KHA,KV2,2026-08-20-12,1787202000000,99.46,1.4,0.49,25.2,5.88,183,179,26,24,27.44,24.34,0.02,74,normal
CELL060202,ST0602,KHA,KV2,2026-08-20-13,1787205600000,99.51,1.88,0.63,33.84,7.56,94,93,61,58,41.42,27.45,0.16,43,normal
CELL060202,ST0602,KHA,KV2,2026-08-20-14,1787209200000,99.3,2.39,0.74,43.02,8.88,211,209,82,80,42.7,17.43,0.17,150,normal
CELL060202,ST0602,KHA,KV2,2026-08-20-15,1787212800000,99.69,2.6,0.69,46.8,8.28,91,87,46,43,35.2,16.35,0.07,70,normal
CELL060202,ST0602,KHA,KV2,2026-08-20-16,1787216400000,99.5,2.08,0.69,37.44,8.28,191,188,70,70,36.53,23.78,0.02,101,normal
CELL060202,ST0602,KHA,KV2,2026-08-20-17,1787220000000,99.88,1.65,0.38,29.7,4.56,126,121,63,60,32.99,26.06,0.13,134,normal
CELL060202,ST0602,KHA,KV2,2026-08-20-18,1787223600000,99.68,2.29,0.58,41.22,6.96,76,70,76,75,51.53,25.41,0.16,156,normal
CELL060202,ST0602,KHA,KV2,2026-08-20-19,1787227200000,99.3,3.81,1.08,68.58,12.96,77,75,61,60,54.86,21.82,0.02,105,normal
CELL060202,ST0602,KHA,KV2,2026-08-20-20,1787230800000,99.61,3.47,1.15,62.46,13.8,208,204,83,80,58.85,23.94,0.01,58,normal
CELL060202,ST0602,KHA,KV2,2026-08-20-21,1787234400000,99.43,2.39,0.64,43.02,7.68,181,175,54,53,55.57,24.44,0.19,114,normal
CELL060202,ST0602,KHA,KV2,2026-08-20-22,1787238000000,99.8,2.98,0.68,53.64,8.16,143,137,90,86,57.51,13.55,0.19,104,normal
CELL060202,ST0602,KHA,KV2,2026-08-20-23,1787241600000,99.87,2.29,0.66,41.22,7.92,145,143,65,64,31.36,21.95,0.01,78,normal
